channel,spend,revenue,impressions,clicks,conversions,ctr,roas
Twitter,1559,4739.23,213799,16137,1813,7.55,3.04
Snapchat,582,3300.61,193673,33592,885,17.34,5.67
TikTok,2564,9982.14,375580,32873,500,8.75,3.89
Snapchat,1405,5495.25,492773,2716,364,0.55,3.91
YouTube,4558,16871.36,49194,17918,2057,36.42,3.7
YouTube,4302,23990.09,171594,11207,63,6.53,5.58
Meta,4811,26978.07,78041,20444,1604,26.2,5.61
Twitter,1852,5657.79,478397,44494,1839,9.3,3.05
Google,3015,16624.25,262139,3742,2584,1.43,5.51
YouTube,3667,16049.95,242346,27215,2029,11.23,4.38
Google,4737,15104.95,208079,47243,1746,22.7,3.19
Pinterest,3595,16081.52,333078,22306,4796,6.7,4.47
LinkedIn,4780,13150.12,298655,17994,2399,6.03,2.75
Snapchat,3609,8742.53,325255,49486,1612,15.21,2.42
Google,1996,10298.54,41250,5809,4453,14.08,5.16
YouTube,4731,17711.23,91387,22562,101,24.69,3.74
LinkedIn,1874,10449.04,330146,37839,3502,11.46,5.58
Google,4023,17220.56,226296,13622,1379,6.02,4.28
Meta,3113,13903.21,18437,30725,2841,166.65,4.47
Twitter,3334,18989.03,342388,35582,893,10.39,5.7
Instagram,3165,7779.02,71852,18856,4131,26.24,2.46
Snapchat,2063,5490.22,54440,27631,3704,50.75,2.66
Snapchat,4551,16167.94,226096,48477,1845,21.44,3.55
LinkedIn,4166,14047.11,272183,43582,4406,16.01,3.37
Twitter,2281,11931.52,270280,43181,944,15.98,5.23
Pinterest,1782,6075.44,423684,9290,2417,2.19,3.41
Snapchat,1842,5269.8,373212,30729,2267,8.23,2.86
Snapchat,3065,18193.12,193777,30455,179,15.72,5.94
Snapchat,4942,18148.26,458235,31548,4576,6.88,3.67
Instagram,1996,8288.93,412206,37894,1137,9.19,4.15
Meta,2220,13184.7,431161,34722,1118,8.05,5.94
Email,1905,8229.1,367721,11805,381,3.21,4.32
Snapchat,1030,5757.51,208247,22371,3384,10.74,5.59
Email,2644,11569.85,430043,13941,2815,3.24,4.38
Snapchat,4981,14151.77,435417,15581,60,3.58,2.84
TikTok,719,3480.89,476274,41710,1839,8.76,4.84
YouTube,1498,7996.07,233832,14402,4413,6.16,5.34
Instagram,2262,11186.66,275229,12728,2367,4.62,4.95
Pinterest,4833,9852.65,495602,42591,4717,8.59,2.04
YouTube,1261,5578.59,156075,29012,3522,18.59,4.42
Pinterest,3933,16845.76,164259,11908,3667,7.25,4.28
Email,4368,23248.96,42145,15449,1609,36.66,5.32
Meta,3982,11211.29,273993,30095,1760,10.98,2.82
Pinterest,4490,12026.23,258998,47306,2030,18.27,2.68
YouTube,3739,14830.88,206023,18439,3134,8.95,3.97
Snapchat,4065,21880.64,36902,40552,2233,109.89,5.38
YouTube,1723,4439.18,274419,46123,4284,16.81,2.58
Email,3413,15074.79,204884,27035,1946,13.2,4.42
Twitter,3969,15680.2,12454,18286,4686,146.83,3.95
TikTok,2237,7892.73,26200,4648,1155,17.74,3.53
YouTube,2118,10257.72,273979,32978,4989,12.04,4.84
LinkedIn,3200,14848.8,136948,39916,4557,29.15,4.64
TikTok,3084,6395.29,363450,3255,1760,0.9,2.07
Google,1483,3521.76,190583,27549,839,14.46,2.37
Snapchat,748,3796.79,21624,22333,1789,103.28,5.08
Email,2854,6614.05,325955,36200,1690,11.11,2.32
Twitter,982,2282.01,232728,15387,1355,6.61,2.32
Twitter,1706,5742.83,421075,14848,2141,3.53,3.37
TikTok,1927,9266.25,69890,35394,4672,50.64,4.81
Pinterest,2398,7998.32,354089,38874,3804,10.98,3.34
TikTok,4711,12312.84,279794,41061,3005,14.68,2.61
Snapchat,2944,10622.34,269980,1783,1769,0.66,3.61
Pinterest,2167,8914.88,469991,2568,815,0.55,4.11
Google,1183,2933.81,233486,5754,2432,2.46,2.48
Pinterest,2501,9204.41,105485,34255,3921,32.47,3.68
Pinterest,779,4144.83,208805,27107,475,12.98,5.32
Google,3602,12038.89,382339,43052,457,11.26,3.34
Pinterest,2195,12916.75,78775,28237,2741,35.85,5.88
Snapchat,948,3952.66,65807,6778,1166,10.3,4.17
Snapchat,2443,13996.1,357111,29417,4719,8.24,5.73
Meta,1584,7366.32,134405,23460,1229,17.45,4.65
Instagram,1050,3718.31,410044,41554,77,10.13,3.54
LinkedIn,1952,9648.2,257552,27769,468,10.78,4.94
Meta,2108,8046.78,230902,47337,3732,20.5,3.82
Google,1949,11423.27,218684,43370,4867,19.83,5.86
Email,3994,21747.22,101461,6927,392,6.83,5.44
Pinterest,1436,3598.16,254829,25906,2909,10.17,2.51
Google,624,2141.16,237405,49406,2497,20.81,3.43
YouTube,1692,3697.98,456977,35597,2821,7.79,2.19
Snapchat,2162,9515.5,337954,45251,3822,13.39,4.4
Snapchat,973,2931.59,78313,8186,4383,10.45,3.01
Snapchat,4145,9606.5,293358,36637,672,12.49,2.32
Instagram,4929,18625.4,197287,11826,4047,5.99,3.78
Snapchat,626,1287.96,382800,28852,986,7.54,2.06
Google,4901,28271.57,43470,17533,103,40.33,5.77
Instagram,2563,12920.44,445024,14866,2999,3.34,5.04
Instagram,2638,13747.4,372176,3271,4596,0.88,5.21
Twitter,557,1287.35,398262,35097,3146,8.81,2.31
LinkedIn,4704,21626.79,123017,34786,65,28.28,4.6
Snapchat,3250,13462.75,21093,47791,294,226.57,4.14
Pinterest,2552,15096.61,471243,21077,2837,4.47,5.92
Email,612,3602.06,70862,1693,3231,2.39,5.89
YouTube,2777,6315.42,260498,12281,1342,4.71,2.27
TikTok,521,2343.62,171695,23913,655,13.93,4.5
LinkedIn,3044,7242.84,236343,47020,2639,19.89,2.38
TikTok,4042,21422.88,298055,13743,3050,4.61,5.3
Pinterest,4136,12695.91,259890,47617,4129,18.32,3.07
Google,3569,12830.31,302272,32847,689,10.87,3.59
YouTube,4685,24731.08,232810,26500,4424,11.38,5.28
YouTube,1474,4873.81,304916,23561,4540,7.73,3.31
Instagram,1985,4879.56,97435,4319,2442,4.43,2.46
Email,3316,7963.71,159328,15265,1123,9.58,2.4
Meta,3409,19141.38,193581,43332,1392,22.38,5.61
LinkedIn,4388,18351.74,480641,6227,1369,1.3,4.18
TikTok,2819,8931.33,168961,35899,2631,21.25,3.17
Email,1153,3821.2,218041,9645,61,4.42,3.31
TikTok,4899,16546.12,104012,16224,1933,15.6,3.38
Meta,2365,13539.53,322979,1151,2089,0.36,5.72
TikTok,3017,15235.78,480717,42533,3572,8.85,5.05
Pinterest,2704,7446.21,224588,17395,2559,7.75,2.75
Email,1780,7551.94,216365,24853,1553,11.49,4.24
LinkedIn,3457,12005.65,317013,34792,4631,10.97,3.47
Email,1709,10053.87,313970,13389,166,4.26,5.88
Instagram,2204,4650.64,472981,10346,331,2.19,2.11
LinkedIn,4896,11796.63,300112,11004,3973,3.67,2.41
Meta,4612,17264.42,135337,13318,1883,9.84,3.74
LinkedIn,4079,13606.06,429363,2781,233,0.65,3.34
Email,878,4641.77,230551,42322,1230,18.36,5.29
Snapchat,1044,3426.24,158649,43726,4352,27.56,3.28
Email,2207,11845.33,367967,3026,420,0.82,5.37
Snapchat,1511,5485.16,219689,44005,1830,20.03,3.63
Pinterest,4725,25868.81,271173,40112,355,14.79,5.47
Twitter,4488,13218.81,482208,9601,2317,1.99,2.95
Twitter,3389,8003.52,256633,45497,63,17.73,2.36
Email,908,3747.88,151640,37789,2641,24.92,4.13
Twitter,4098,22377.6,158522,25059,3101,15.81,5.46
Instagram,3642,12679.0,272454,41089,2767,15.08,3.48
Pinterest,2237,11379.22,121259,33862,4419,27.93,5.09
Pinterest,1834,10355.02,426872,15380,3967,3.6,5.65
TikTok,1902,10065.33,440446,6254,4333,1.42,5.29
Instagram,610,2998.98,99269,45311,2741,45.64,4.92
Google,2800,6288.47,280916,49346,3393,17.57,2.25
TikTok,2861,10927.87,142713,18651,465,13.07,3.82
Google,1494,7519.98,185639,7985,1488,4.3,5.03
Meta,3018,11753.95,131156,6355,1455,4.85,3.89
Snapchat,837,3195.84,442466,6148,1831,1.39,3.82
Google,4092,23186.57,233981,22382,2652,9.57,5.67
LinkedIn,2179,9370.33,295772,17254,71,5.83,4.3
TikTok,2334,7809.98,316539,25191,1199,7.96,3.35
Pinterest,1193,4190.35,297153,24668,1992,8.3,3.51
Pinterest,2758,10251.7,287175,30219,571,10.52,3.72
Twitter,2030,5222.64,452938,17352,3709,3.83,2.57
Twitter,1745,7872.12,407084,49666,3405,12.2,4.51
LinkedIn,3032,15346.69,434016,21035,3394,4.85,5.06
Google,3315,19375.02,119469,9441,3238,7.9,5.84
YouTube,4473,10577.12,57676,45435,4765,78.78,2.36
Meta,4563,10324.22,354294,47381,1978,13.37,2.26
Meta,1466,6473.92,60397,49820,3402,82.49,4.42
Instagram,2002,10889.39,361892,35414,976,9.79,5.44
Pinterest,1502,5457.86,251116,1216,2277,0.48,3.63
Meta,4939,25411.46,114993,31646,3943,27.52,5.15
YouTube,3681,17691.61,172331,33398,3700,19.38,4.81
YouTube,4256,10017.6,135301,20473,1260,15.13,2.35
Meta,3164,7190.55,215107,4440,729,2.06,2.27
TikTok,4917,28611.82,218595,9414,2260,4.31,5.82
Meta,4829,11378.36,72195,4352,4162,6.03,2.36
Email,991,2957.05,43041,46286,3528,107.54,2.98
YouTube,2278,12117.77,358169,16786,3037,4.69,5.32
Pinterest,1992,4236.26,269810,33276,2046,12.33,2.13
Google,1274,5210.3,277235,26073,2969,9.4,4.09
TikTok,2798,10846.06,332523,14785,3166,4.45,3.88
Instagram,1824,5903.73,110777,10111,1651,9.13,3.24
Instagram,707,4047.24,484671,16565,872,3.42,5.72
TikTok,4146,17657.89,124915,42319,1235,33.88,4.26
Instagram,3223,6653.06,271456,9779,3762,3.6,2.06
Email,4474,25604.01,152116,25955,895,17.06,5.72
Instagram,4211,11783.35,140003,38804,446,27.72,2.8
Meta,1615,6912.82,331030,24352,4963,7.36,4.28
LinkedIn,3109,13267.45,269899,24047,3489,8.91,4.27
Email,3324,13258.82,87976,14719,4767,16.73,3.99
Snapchat,1764,9795.88,380531,46759,4923,12.29,5.55
Google,1280,5027.27,370850,24452,3950,6.59,3.93
Google,721,3763.25,338505,40603,3908,11.99,5.22
Snapchat,2125,9950.95,251093,10148,3016,4.04,4.68
Meta,1368,3440.68,461818,2206,4527,0.48,2.52
LinkedIn,1403,7088.85,95407,45935,2357,48.15,5.05
LinkedIn,3896,18222.19,225277,46083,737,20.46,4.68
LinkedIn,2028,7500.17,303845,5636,1536,1.85,3.7
Instagram,1785,9665.67,377873,7546,3067,2.0,5.41
Pinterest,2672,7499.48,411941,6772,3847,1.64,2.81
Instagram,3914,16008.93,286773,1957,2215,0.68,4.09
Meta,1064,5130.58,202977,21654,1302,10.67,4.82
TikTok,1197,4360.11,369150,28925,2993,7.84,3.64
Pinterest,1842,10151.66,287910,42940,257,14.91,5.51
YouTube,1395,7490.43,334937,26387,1261,7.88,5.37
Snapchat,2421,9256.69,268821,15624,535,5.81,3.82
TikTok,4559,16090.16,396320,1917,1569,0.48,3.53
Meta,3396,10985.54,364525,22920,3622,6.29,3.23
Snapchat,3916,8580.84,33289,2458,4587,7.38,2.19
Meta,2473,7413.38,96339,22459,2139,23.31,3.0
Meta,4564,23084.19,329800,2433,337,0.74,5.06
Email,2377,12202.87,457077,1562,2033,0.34,5.13
Meta,3426,15608.77,305000,42755,1128,14.02,4.56
Pinterest,1584,3469.87,57093,31132,1701,54.53,2.19
LinkedIn,1886,5599.77,187534,20765,2600,11.07,2.97
YouTube,2197,9380.13,36392,4778,4572,13.13,4.27
TikTok,4161,20367.24,85538,18079,67,21.14,4.89
Google,4565,16253.23,32018,32902,511,102.76,3.56
TikTok,3756,10064.22,105579,14852,2352,14.07,2.68
TikTok,3696,11907.54,362419,48197,997,13.3,3.22
Instagram,1043,4265.76,378425,42084,2554,11.12,4.09
TikTok,1132,5294.63,132541,20937,305,15.8,4.68
Pinterest,4355,22920.45,452317,16202,4282,3.58,5.26
LinkedIn,2912,8374.26,340007,37081,2283,10.91,2.88
Instagram,2464,6857.59,147600,15879,2407,10.76,2.78
LinkedIn,3342,6791.33,441657,47887,1079,10.84,2.03
Email,1179,4782.6,36644,45984,849,125.49,4.06
Google,3636,16991.28,88982,27190,931,30.56,4.67
Meta,854,4184.68,321786,20597,2523,6.4,4.9
Instagram,3532,20862.75,253677,2014,3364,0.79,5.91
Pinterest,3640,15818.26,273869,35229,1447,12.86,4.35
Pinterest,4281,11359.35,232103,22559,1022,9.72,2.65
Pinterest,4544,26736.91,321683,12424,4487,3.86,5.88
Email,2412,14348.61,65531,11795,2563,18.0,5.95
Google,4931,20331.72,154140,41745,2753,27.08,4.12
Meta,4121,21611.76,216007,26567,2611,12.3,5.24
YouTube,3698,11779.65,257262,31615,3376,12.29,3.19
Email,2062,5430.9,137072,49835,2712,36.36,2.63
Instagram,1821,5475.69,71379,46832,4799,65.61,3.01
Meta,2473,5125.17,252915,27832,2177,11.0,2.07
YouTube,554,3235.37,485428,17394,4078,3.58,5.84
Twitter,4653,25331.39,82643,17726,3531,21.45,5.44
Email,1429,7121.78,144796,24603,4788,16.99,4.98
Email,3653,14332.01,372154,9617,1441,2.58,3.92
Meta,1416,7499.61,98248,44846,4567,45.65,5.3
Email,2210,7786.04,159374,40862,2998,25.64,3.52
Snapchat,1539,3708.46,406510,18292,3351,4.5,2.41
Snapchat,4089,8404.72,157036,49344,1053,31.42,2.06
TikTok,2275,11205.5,261872,10375,3493,3.96,4.93
Google,3923,10984.03,59457,29769,4382,50.07,2.8
Instagram,4653,9421.24,321250,37864,3502,11.79,2.02
Meta,1972,10038.95,408123,46773,1160,11.46,5.09
Snapchat,1917,6161.2,98512,9851,4638,10.0,3.21
Google,3678,21707.55,489749,42547,316,8.69,5.9
Email,1416,7261.54,458268,20907,3266,4.56,5.13
Email,4223,23012.11,361705,4978,148,1.38,5.45
LinkedIn,1124,3941.38,478061,30341,4495,6.35,3.51
Instagram,2975,7155.54,378524,25265,3177,6.67,2.41
YouTube,3458,9501.56,394772,28150,3921,7.13,2.75
Email,2722,9106.7,224637,14641,3252,6.52,3.35
TikTok,4876,22007.7,111573,45222,309,40.53,4.51
TikTok,1420,6734.12,454678,28467,368,6.26,4.74
Email,1838,9729.42,164673,22455,1975,13.64,5.29
Meta,2917,12218.11,296443,41781,1463,14.09,4.19
Instagram,3689,18892.75,471267,44320,2822,9.4,5.12
Instagram,3177,15471.65,332868,2188,455,0.66,4.87
TikTok,4505,16983.94,59997,9053,4710,15.09,3.77
Email,1349,2808.33,276862,14658,3108,5.29,2.08
Snapchat,2603,12034.25,265447,37229,174,14.03,4.62
Instagram,982,2596.82,67702,49371,3113,72.92,2.64
Email,4198,10668.48,273135,43129,1172,15.79,2.54
Meta,2422,4947.29,389515,14812,4018,3.8,2.04
LinkedIn,877,3099.72,443082,18171,532,4.1,3.53
LinkedIn,1754,6307.85,95689,23279,1023,24.33,3.6
YouTube,1656,4683.52,112505,7512,4013,6.68,2.83
Snapchat,4859,24816.58,328708,28568,4830,8.69,5.11
Instagram,4572,26712.88,344445,40620,221,11.79,5.84
YouTube,1369,5964.39,485715,20029,4607,4.12,4.36
Meta,591,3263.16,281834,3068,2834,1.09,5.52
Email,2544,7460.97,218592,31414,2223,14.37,2.93
LinkedIn,1728,7295.03,269354,48248,615,17.91,4.22
Snapchat,2698,11526.48,266507,15196,893,5.7,4.27
LinkedIn,2343,8044.4,125620,11797,437,9.39,3.43
YouTube,4452,24550.04,105144,25313,3807,24.07,5.51
Snapchat,1386,4713.17,166471,35791,595,21.5,3.4
LinkedIn,2795,6509.04,482349,43685,3884,9.06,2.33
TikTok,4346,12814.99,175741,1245,1779,0.71,2.95
Pinterest,1704,7305.94,144058,17232,4398,11.96,4.29
Meta,2535,9503.51,296772,13831,1986,4.66,3.75
LinkedIn,2500,12423.29,44581,25082,634,56.26,4.97
Email,1005,5786.95,223651,44463,2341,19.88,5.76
Twitter,3292,9536.41,117893,25418,829,21.56,2.9
TikTok,4341,15996.12,297049,24225,303,8.16,3.68
Meta,598,1612.95,430115,23210,1564,5.4,2.7
Email,3360,11523.13,338952,34173,1858,10.08,3.43
Twitter,2264,10355.0,25068,35188,846,140.37,4.57
Meta,3238,9563.47,91412,38507,4690,42.12,2.95
Instagram,1920,7587.24,265085,10058,145,3.79,3.95
Instagram,2444,9010.3,189944,26757,3587,14.09,3.69
YouTube,2833,11111.66,289510,12715,601,4.39,3.92
Google,1005,4142.83,98590,1503,1373,1.52,4.12
TikTok,2575,15398.71,270005,5019,329,1.86,5.98
Meta,2267,13590.03,349892,21775,4904,6.22,5.99
Google,607,3454.03,408266,20654,3922,5.06,5.69
Instagram,4053,17671.57,272918,46595,85,17.07,4.36
Pinterest,1887,7498.98,158682,41913,4416,26.41,3.97
Twitter,4395,15281.81,125541,31308,3631,24.94,3.48
Google,4821,22840.53,60523,43183,2550,71.35,4.74
Instagram,1438,3019.26,414314,5046,4765,1.22,2.1
LinkedIn,3790,16897.6,82506,18805,255,22.79,4.46
Google,4274,25047.97,140577,8627,2288,6.14,5.86
LinkedIn,1463,4690.38,114696,42297,614,36.88,3.21
Meta,2318,10324.45,356331,20968,154,5.88,4.45
Twitter,2360,13469.12,92856,17611,3963,18.97,5.71
Snapchat,2167,8875.75,426575,49325,1761,11.56,4.1
Twitter,744,3767.34,59052,30210,1206,51.16,5.06
YouTube,3045,17635.65,322964,21252,4292,6.58,5.79
Instagram,1561,7795.81,71548,24601,2030,34.38,4.99
Email,3225,16407.79,343863,32900,3264,9.57,5.09
Snapchat,3718,19838.31,190258,12249,3528,6.44,5.34
TikTok,2896,16576.41,180773,2665,265,1.47,5.72
Instagram,3560,14681.6,492077,39328,4445,7.99,4.12
Email,4448,18275.45,73708,40639,3063,55.14,4.11
Snapchat,3445,20650.2,19824,22528,1450,113.64,5.99
YouTube,1763,6262.88,260538,31013,4528,11.9,3.55
YouTube,896,4781.56,455703,18715,2399,4.11,5.34
YouTube,1685,5849.78,118521,28987,4427,24.46,3.47
Instagram,3925,19464.91,261636,3101,191,1.19,4.96
Meta,3443,20384.41,77918,9122,4576,11.71,5.92
Instagram,4595,22060.52,157359,12294,2245,7.81,4.8
LinkedIn,2322,6851.44,74777,28178,1219,37.68,2.95
Twitter,3867,22643.58,411249,45926,611,11.17,5.86
Instagram,4625,18141.67,21060,24308,604,115.42,3.92
Instagram,1876,7577.24,458559,8495,75,1.85,4.04
Snapchat,1312,7756.04,115769,32313,2433,27.91,5.91
Meta,3009,7476.02,179864,25047,1230,13.93,2.48
Snapchat,1132,6077.38,230210,4566,3937,1.98,5.37
YouTube,4200,11644.25,470376,34785,1972,7.4,2.77
Pinterest,2503,12291.88,74939,37938,4140,50.63,4.91
Google,2581,9898.46,430878,38116,2202,8.85,3.84
Snapchat,2940,7170.04,316471,15764,1377,4.98,2.44
Meta,1791,10635.97,202756,12876,3214,6.35,5.94
Email,2346,8012.59,220102,39960,3684,18.16,3.42
Meta,3179,8803.32,270324,20265,4730,7.5,2.77
Google,4778,19354.01,79150,20855,4646,26.35,4.05
Meta,1945,5413.13,173578,12739,1491,7.34,2.78
Snapchat,517,2921.63,393354,38750,4945,9.85,5.65
Twitter,3040,6803.21,228822,16434,2054,7.18,2.24
Email,4075,23980.2,140509,7789,314,5.54,5.88
Google,721,2736.55,316957,14945,3123,4.72,3.8
YouTube,4736,16221.75,17817,41923,4259,235.3,3.43
Email,3935,19603.26,434357,9943,1234,2.29,4.98
Snapchat,1109,4062.27,37098,18440,3440,49.71,3.66
Email,2104,11634.7,37453,11310,1033,30.2,5.53
YouTube,4961,24239.93,288097,9051,116,3.14,4.89
Twitter,825,4812.47,282107,13491,69,4.78,5.83
TikTok,3305,17682.05,358405,35097,2733,9.79,5.35
Meta,2957,7403.29,431428,24552,112,5.69,2.5
Snapchat,2670,6640.61,100056,2240,495,2.24,2.49
Meta,2611,12610.21,45284,32314,1981,71.36,4.83
Twitter,1215,6275.16,174826,28454,3073,16.28,5.16
TikTok,2171,9765.23,65642,39861,1023,60.72,4.5
YouTube,730,2872.83,370700,5415,1556,1.46,3.94
Meta,1231,3404.72,25118,43479,1828,173.1,2.77
TikTok,1280,5077.66,369693,13693,701,3.7,3.97
Snapchat,3307,9283.29,158047,35338,259,22.36,2.81
Twitter,4334,12299.03,485350,39204,4281,8.08,2.84
Snapchat,3814,7930.78,200907,11550,1344,5.75,2.08
Snapchat,2696,6356.27,293852,41008,4212,13.96,2.36
Email,4444,10093.46,151691,48649,3871,32.07,2.27
Email,4884,13667.95,37453,33689,344,89.95,2.8
Google,2146,12646.09,289425,23554,3312,8.14,5.89
Meta,2339,7769.48,351038,35528,3109,10.12,3.32
YouTube,757,2555.76,198445,30736,2649,15.49,3.38
Instagram,2759,12231.92,122308,46162,1630,37.74,4.43
Twitter,3935,20702.47,281681,36250,4732,12.87,5.26
Instagram,4218,21400.78,175904,16244,1685,9.23,5.07
YouTube,600,3587.85,434812,6493,4396,1.49,5.98
LinkedIn,2748,5566.73,254791,26395,1951,10.36,2.03
Instagram,1922,10022.8,95037,35817,725,37.69,5.21
Google,1023,5164.67,363608,14361,2742,3.95,5.05
YouTube,2550,9339.09,218556,37838,401,17.31,3.66
Twitter,2941,15118.82,126902,11221,591,8.84,5.14
Email,4123,19001.05,376648,37420,2689,9.94,4.61
Pinterest,4664,10916.34,148655,9340,3187,6.28,2.34
Meta,1653,4725.2,277044,42850,4433,15.47,2.86
LinkedIn,2420,5441.51,411791,30969,567,7.52,2.25
Email,2943,15516.08,282740,10565,2474,3.74,5.27
Instagram,2171,9955.23,284990,19351,4618,6.79,4.59
LinkedIn,2030,4139.49,482746,29112,4600,6.03,2.04
Twitter,2519,7168.89,137340,10843,2596,7.9,2.85
Meta,2444,6704.93,55972,27341,1001,48.85,2.74
Meta,4158,14515.43,43443,13302,3452,30.62,3.49
Google,4256,13003.81,105699,7051,3645,6.67,3.06
YouTube,893,5232.19,89673,17662,3894,19.7,5.86
Snapchat,3322,15861.33,64628,43451,514,67.23,4.77
Meta,4620,18775.79,495046,9861,1601,1.99,4.06
Email,3637,21256.22,107605,45899,647,42.66,5.84
Instagram,4872,25500.25,189522,37563,4504,19.82,5.23
Instagram,1737,7646.38,143697,17091,3843,11.89,4.4
Meta,4569,9202.27,275107,13532,1633,4.92,2.01
Google,3601,20865.55,485933,39692,928,8.17,5.79
Google,1376,5171.23,301448,24560,1063,8.15,3.76
Instagram,3270,16864.74,37813,21658,3230,57.28,5.16
Snapchat,4983,25916.47,227048,7557,3817,3.33,5.2
Meta,941,4486.28,413402,22955,2275,5.55,4.77
LinkedIn,1568,4981.72,366098,4859,977,1.33,3.18
Meta,2433,12320.76,380365,5369,1063,1.41,5.06
Instagram,2857,16895.59,335605,20331,516,6.06,5.91
Email,615,3048.19,268749,17202,3446,6.4,4.96
Snapchat,839,4089.65,117949,20483,4597,17.37,4.87
Instagram,4961,10807.53,135642,23002,2449,16.96,2.18
Instagram,1745,4621.78,182151,31491,4241,17.29,2.65
Google,1630,5743.81,488951,49739,1389,10.17,3.52
Twitter,3146,13163.04,250391,24443,730,9.76,4.18
TikTok,2954,6532.77,76882,7978,1791,10.38,2.21
Pinterest,2491,5515.06,75855,42475,3916,55.99,2.21
Instagram,1768,8917.37,229059,18183,3439,7.94,5.04
Pinterest,3384,15538.61,95896,3932,1657,4.1,4.59
Email,3193,9556.86,45730,14293,761,31.26,2.99
Snapchat,1522,6581.57,440406,40593,2758,9.22,4.32
Instagram,3341,16481.73,449623,2530,3129,0.56,4.93
Snapchat,4435,13296.31,413216,47541,3765,11.51,3.0
YouTube,4220,14776.0,39981,42976,4429,107.49,3.5
Pinterest,785,4079.02,401793,38951,2734,9.69,5.2
Email,4496,13818.27,389318,14728,3037,3.78,3.07
YouTube,2777,9671.93,57376,9101,2313,15.86,3.48
Twitter,568,1201.2,412045,22442,2560,5.45,2.11
Pinterest,1699,5474.91,186868,43338,68,23.19,3.22
Pinterest,3601,9269.46,194176,8783,710,4.52,2.57
Instagram,1980,5959.27,118142,40577,3909,34.35,3.01
LinkedIn,892,5164.56,130389,7647,1893,5.86,5.79
Email,1522,7664.36,360266,47474,140,13.18,5.04
LinkedIn,1861,7179.92,218181,44082,2207,20.2,3.86
LinkedIn,4017,17359.87,439270,22122,2743,5.04,4.32
Twitter,4320,21496.63,307862,30631,1868,9.95,4.98
Pinterest,523,2960.54,360349,34769,1077,9.65,5.66
LinkedIn,1545,9170.08,470466,6324,4162,1.34,5.94
Email,2030,8359.58,267623,33503,2458,12.52,4.12
Email,4816,18342.14,141200,36709,2833,26.0,3.81
Google,3360,16827.97,28360,27201,2044,95.91,5.01
LinkedIn,1827,7132.38,297631,4572,1646,1.54,3.9
Snapchat,2671,6870.07,423056,35041,4066,8.28,2.57
Instagram,1092,5571.43,343257,49976,3887,14.56,5.1
Google,3150,7296.88,219928,49840,4496,22.66,2.32
Instagram,815,2187.78,321214,3629,2124,1.13,2.68
Snapchat,4800,14693.9,248443,12633,1209,5.08,3.06
Meta,4413,21227.56,319140,3145,864,0.99,4.81
Email,2979,6275.34,320461,37424,3214,11.68,2.11
TikTok,554,3164.27,320607,8382,4551,2.61,5.71
YouTube,4219,8762.16,205189,46073,4898,22.45,2.08
Pinterest,3266,9297.45,340822,3438,322,1.01,2.85
Twitter,1725,5105.07,354544,21696,3966,6.12,2.96
YouTube,4517,10788.98,125260,25793,2880,20.59,2.39
Snapchat,2672,15035.82,439440,37032,3999,8.43,5.63
YouTube,743,2484.31,300948,6934,2821,2.3,3.34
Pinterest,4335,25205.62,427114,40327,576,9.44,5.81
Twitter,1722,4731.11,174099,37881,497,21.76,2.75
LinkedIn,4778,11359.61,126035,35894,1178,28.48,2.38
YouTube,2196,6365.88,484850,15517,2564,3.2,2.9
Email,3888,16059.57,169128,18080,2602,10.69,4.13
YouTube,1194,2576.65,24893,33345,1215,133.95,2.16
Twitter,1573,7246.3,425474,7259,3058,1.71,4.61
Instagram,1138,2395.76,205101,44558,2576,21.72,2.11
Instagram,4910,12097.41,10258,37033,4468,361.02,2.46
LinkedIn,1526,3653.2,27420,14893,1884,54.31,2.39
Meta,2956,9341.7,313098,11190,594,3.57,3.16
Meta,2082,6185.06,386835,18235,91,4.71,2.97
Snapchat,3990,23548.09,438433,31497,4590,7.18,5.9
Email,586,3142.86,193632,26374,1387,13.62,5.36
Google,2041,5964.39,153984,34805,3584,22.6,2.92
Snapchat,3267,18528.49,431195,16427,942,3.81,5.67
Pinterest,1465,8733.69,416358,17577,2322,4.22,5.96
Meta,4935,25003.21,354646,11885,3192,3.35,5.07
Pinterest,4453,9680.13,446512,29159,99,6.53,2.17
TikTok,3226,18325.43,89179,5878,3168,6.59,5.68
LinkedIn,4204,16106.53,102213,16407,3917,16.05,3.83
Pinterest,3572,16714.02,385315,26271,2574,6.82,4.68
Email,2966,7913.47,418534,23645,260,5.65,2.67
Instagram,3310,9742.12,293142,24913,1645,8.5,2.94
YouTube,1710,5176.28,215744,8542,3590,3.96,3.03
Google,1164,3288.23,18330,49506,293,270.08,2.82
LinkedIn,3998,12734.08,263205,32365,613,12.3,3.19
Twitter,4371,10668.66,244408,44713,1459,18.29,2.44
Twitter,725,2823.96,310569,46811,2017,15.07,3.9
LinkedIn,3323,10267.23,382880,42538,3550,11.11,3.09
Email,1717,6813.6,43744,1825,1046,4.17,3.97
YouTube,3131,8455.77,372020,21163,1950,5.69,2.7
Instagram,662,1450.21,497992,19443,1559,3.9,2.19
TikTok,849,4929.23,344216,39988,1473,11.62,5.81
TikTok,4352,20048.21,337735,26906,4223,7.97,4.61
Instagram,2292,5713.58,405204,1926,540,0.48,2.49
LinkedIn,2875,11454.44,131208,27406,1038,20.89,3.98
TikTok,4488,26250.9,365619,5007,3127,1.37,5.85
YouTube,3555,13611.38,456239,38073,258,8.34,3.83
Email,1221,7053.07,313885,6057,4645,1.93,5.78
Google,657,2410.74,364336,42101,1118,11.56,3.67
Email,2577,7772.2,378719,32233,4494,8.51,3.02
YouTube,4609,23412.71,262047,38078,214,14.53,5.08
Google,3146,15651.05,37822,19348,3508,51.16,4.97
Instagram,2369,5280.62,241815,18713,531,7.74,2.23
Google,2978,13520.81,482373,2580,3215,0.53,4.54
Pinterest,3752,21293.33,82917,12423,1338,14.98,5.68
Meta,2591,8586.94,99336,45846,3956,46.15,3.31
Google,4530,17853.67,347141,9605,4466,2.77,3.94
Email,3252,10873.93,449023,31008,149,6.91,3.34
TikTok,2591,13529.87,339479,10898,4374,3.21,5.22
Pinterest,4302,13715.55,244375,8357,3484,3.42,3.19
Twitter,1619,8502.09,176116,39174,1197,22.24,5.25
YouTube,4181,22522.42,308086,29021,2527,9.42,5.39
Pinterest,2569,8615.13,74562,7233,961,9.7,3.35
Pinterest,3619,11519.94,499330,23552,4648,4.72,3.18
Google,3529,18478.16,127873,8414,2911,6.58,5.24
Snapchat,4000,19625.52,269777,31632,2436,11.73,4.91
Twitter,1155,3943.47,368101,3972,1698,1.08,3.41
Twitter,1327,3708.62,109472,23603,3629,21.56,2.79
TikTok,3858,17200.61,451599,41578,4443,9.21,4.46
YouTube,987,5720.96,267650,35706,1609,13.34,5.8
Pinterest,2248,11815.05,443881,10817,2369,2.44,5.26
Meta,2990,7136.6,496977,38933,2247,7.83,2.39
Pinterest,4832,21428.02,209772,5669,144,2.7,4.43
LinkedIn,4031,20174.24,277876,44291,1437,15.94,5.0
LinkedIn,582,1816.51,25452,34683,978,136.27,3.12
Meta,2548,6599.7,444405,2419,4062,0.54,2.59
YouTube,1204,5394.3,357444,24089,1373,6.74,4.48
YouTube,1573,6024.55,163604,38486,3243,23.52,3.83
TikTok,4239,18334.42,282956,13879,4197,4.91,4.33
Pinterest,2243,9474.34,471465,10319,191,2.19,4.22
Twitter,3113,10707.42,134998,17996,2474,13.33,3.44
LinkedIn,4687,19761.65,149120,25373,2944,17.02,4.22
YouTube,3718,15174.6,464678,15571,181,3.35,4.08
Instagram,750,3240.16,440625,39434,2712,8.95,4.32
Instagram,4757,20135.78,411246,11553,1543,2.81,4.23
Pinterest,1957,4662.6,21955,22847,1446,104.06,2.38
Pinterest,1375,6363.28,110713,34947,4586,31.57,4.63
TikTok,929,2810.87,234126,37703,2331,16.1,3.03
Twitter,979,3756.89,289400,12281,2885,4.24,3.84
Snapchat,1181,6145.33,435430,7383,754,1.7,5.2
Google,3153,18736.05,70745,35987,1588,50.87,5.94
Snapchat,3579,16043.92,68478,10359,3913,15.13,4.48
LinkedIn,2154,12374.86,259067,6060,3744,2.34,5.75
Meta,4494,12047.7,166889,46148,4035,27.65,2.68
Email,1905,9186.41,219306,1873,1679,0.85,4.82
Meta,4912,27795.52,102028,41272,4018,40.45,5.66
LinkedIn,1375,3225.51,220894,39415,1298,17.84,2.35
Email,1634,4685.21,414594,13561,4465,3.27,2.87
Twitter,3899,8610.82,220198,9787,2439,4.44,2.21
Instagram,4629,9822.0,130553,12296,4291,9.42,2.12
Meta,1981,5059.03,304692,28111,670,9.23,2.55
YouTube,4444,18368.58,173541,11394,4032,6.57,4.13
LinkedIn,4608,17493.66,104177,13094,3325,12.57,3.8
Snapchat,3782,12315.35,337464,23645,1616,7.01,3.26
Meta,3786,20765.06,361244,26914,4841,7.45,5.48
Google,1553,4466.91,176715,31087,4901,17.59,2.88
Instagram,697,1558.02,353009,13019,1285,3.69,2.24
Email,1817,5089.65,95952,14075,3892,14.67,2.8
Google,910,3072.36,121756,29348,891,24.1,3.38
Email,3319,10255.46,244378,45347,1520,18.56,3.09
Email,3560,8021.95,96610,42973,2246,44.48,2.25
Google,1168,2739.81,307262,47914,1527,15.59,2.35
Email,3059,7168.71,484216,48989,2764,10.12,2.34
Twitter,1187,6860.42,28555,41550,1650,145.51,5.78
Email,3159,6491.29,177859,5423,4225,3.05,2.05
YouTube,898,1861.19,11647,4192,2583,35.99,2.07
TikTok,3354,6994.89,466135,32072,1310,6.88,2.09
Email,1978,9569.69,264040,34912,3726,13.22,4.84
TikTok,2628,7117.05,170824,42323,402,24.78,2.71
Twitter,4071,23963.39,400671,8609,3777,2.15,5.89
Meta,4502,24322.07,484252,49401,4358,10.2,5.4
Pinterest,3272,15822.4,248092,24167,4596,9.74,4.84
Twitter,1544,4999.22,388640,37600,439,9.67,3.24
Instagram,3396,11694.53,414245,34513,3716,8.33,3.44
Meta,2267,13484.89,382537,49473,178,12.93,5.95
Instagram,1545,5777.59,497640,24018,1319,4.83,3.74
Instagram,648,3274.73,375192,28468,3113,7.59,5.05
Twitter,3725,16319.0,426912,28548,3919,6.69,4.38
TikTok,2426,13350.49,88163,16402,1402,18.6,5.5
Email,2266,13579.68,377012,2907,2990,0.77,5.99
Snapchat,4538,21104.77,128991,32583,307,25.26,4.65
YouTube,3020,12374.51,137447,10338,278,7.52,4.1
YouTube,1327,6020.74,59724,6995,3231,11.71,4.54
Snapchat,4333,14417.68,262942,25968,2765,9.88,3.33
Instagram,2938,11998.84,197130,26788,1222,13.59,4.08
Snapchat,2044,7496.93,399119,27587,3384,6.91,3.67
Email,605,3048.08,139135,46614,4562,33.5,5.04
Email,3521,7970.9,168397,6634,2582,3.94,2.26
Google,3887,20446.36,343089,34061,2021,9.93,5.26
Instagram,4350,22950.43,242312,28712,3000,11.85,5.28
LinkedIn,827,2203.03,40741,11330,2275,27.81,2.66
Snapchat,2099,4980.49,389894,44905,2206,11.52,2.37
TikTok,2717,7163.95,221565,27637,1360,12.47,2.64
YouTube,1880,8591.12,347066,26916,2481,7.76,4.57
YouTube,4599,15939.0,151547,32063,651,21.16,3.47
Email,1412,6919.99,468126,31414,3352,6.71,4.9
Snapchat,3165,10492.28,220795,29743,2711,13.47,3.32
Meta,860,3227.75,192337,5082,1540,2.64,3.75
Twitter,1698,4149.68,63133,25146,4228,39.83,2.44
Pinterest,3014,12429.0,313563,24963,2156,7.96,4.12
Email,4695,16236.03,51228,43631,2576,85.17,3.46
Email,3723,13010.16,259490,12938,90,4.99,3.49
YouTube,2840,15591.7,467999,21599,2375,4.62,5.49
YouTube,4918,11273.32,462699,3819,4076,0.83,2.29
YouTube,4238,16900.44,400581,15951,666,3.98,3.99
Twitter,3083,6730.17,106118,1757,2793,1.66,2.18
Snapchat,3964,21246.1,490761,34493,3539,7.03,5.36
Google,2414,12015.66,392046,43139,4986,11.0,4.98
Twitter,4673,11214.31,480997,20618,3929,4.29,2.4
Meta,4291,8985.07,395070,11598,3671,2.94,2.09
Instagram,3563,14281.96,466126,3638,205,0.78,4.01
YouTube,3635,20367.69,45553,49234,3751,108.08,5.6
Instagram,1451,5561.05,463122,8180,430,1.77,3.83
Pinterest,3817,12924.09,138127,44130,3332,31.95,3.39
Twitter,3601,18234.49,148426,39709,2623,26.75,5.06
Google,1151,6824.54,430092,4746,4255,1.1,5.93
Meta,945,2828.72,275935,29633,2995,10.74,2.99
Snapchat,3936,9330.19,497187,12340,1251,2.48,2.37
Google,985,2872.75,421164,41336,4835,9.81,2.92
TikTok,1544,6185.76,368723,31708,4193,8.6,4.01
Pinterest,966,4914.13,66793,43591,3002,65.26,5.09
Instagram,2346,7018.12,246899,19451,2709,7.88,2.99
TikTok,1724,3817.0,183852,9810,457,5.34,2.21
TikTok,3524,14729.05,64959,2278,621,3.51,4.18
Google,3767,20078.06,325181,10998,4380,3.38,5.33
TikTok,857,2381.07,414183,11062,3544,2.67,2.78
LinkedIn,4316,16505.1,287652,49754,2610,17.3,3.82
Instagram,2782,8058.53,497162,40503,3876,8.15,2.9
YouTube,3099,8299.53,361277,49790,2526,13.78,2.68
Google,4364,23732.83,452074,31111,1747,6.88,5.44
Twitter,2266,10712.62,324414,18575,637,5.73,4.73
Twitter,2642,6823.96,232617,2322,3965,1.0,2.58
YouTube,4183,23837.58,376057,22340,4210,5.94,5.7
Email,3076,13442.31,61414,36945,3998,60.16,4.37
Google,4454,12392.2,476785,38674,4473,8.11,2.78
LinkedIn,4251,14720.53,461835,31185,3344,6.75,3.46
Meta,2213,9600.81,165972,23908,3433,14.4,4.34
Instagram,964,3858.8,17219,22909,1559,133.04,4.0
YouTube,1463,4280.41,225435,43274,4508,19.2,2.93
Twitter,3047,13467.24,47141,32683,4657,69.33,4.42
Instagram,2007,6154.4,118297,33851,3352,28.62,3.07
Twitter,1348,7067.05,259926,15781,2206,6.07,5.24
Pinterest,3363,19358.53,318200,12774,2677,4.01,5.76
Pinterest,4819,15797.53,409807,5450,3543,1.33,3.28
Meta,3538,18895.33,169364,27590,3379,16.29,5.34
TikTok,3189,15045.27,438045,24281,1468,5.54,4.72
Twitter,885,1888.69,114006,14191,388,12.45,2.13
Instagram,3118,17214.89,122893,16757,1643,13.64,5.52
Instagram,4474,19334.61,109531,30600,4259,27.94,4.32
TikTok,4544,14893.02,196230,2817,1236,1.44,3.28
YouTube,4732,10619.03,454522,31228,2305,6.87,2.24
YouTube,3197,12278.39,41725,30417,1803,72.9,3.84
Google,3792,11237.11,352460,36888,1903,10.47,2.96
Snapchat,685,2310.21,253224,29865,4106,11.79,3.37
Pinterest,4108,12137.87,456574,47547,4739,10.41,2.95
LinkedIn,2174,9149.29,301527,21783,4475,7.22,4.21
Email,1624,4358.92,240426,6364,2543,2.65,2.68
Pinterest,2066,5409.78,13992,41284,1081,295.05,2.62
YouTube,1064,6011.81,65149,8606,3403,13.21,5.65
Snapchat,4314,25435.27,71072,38850,3003,54.66,5.9
Instagram,4830,22029.03,174073,47006,2835,27.0,4.56
Email,3199,15928.4,473143,45841,2535,9.69,4.98
Pinterest,2608,7252.25,455367,17390,3508,3.82,2.78
Email,1715,6859.62,38423,6476,4768,16.85,4.0
TikTok,2855,15118.3,377592,14995,1934,3.97,5.3
Google,3171,18057.41,274273,10401,1718,3.79,5.69
Instagram,1239,7391.5,60643,32445,1855,53.5,5.97
Meta,1702,4815.96,28121,25365,3884,90.2,2.83
Twitter,964,5045.55,355366,3135,2784,0.88,5.23
Meta,3662,8327.59,88579,37037,166,41.81,2.27
Email,652,2708.87,29125,24742,2031,84.95,4.15
Pinterest,1572,6375.73,36846,25233,211,68.48,4.06
YouTube,4829,17640.34,432810,35138,938,8.12,3.65
Pinterest,1520,8341.68,411874,4574,4846,1.11,5.49
Email,3253,13548.64,445863,18259,1008,4.1,4.16
Twitter,3534,20866.57,176458,40611,1229,23.01,5.9
Instagram,1223,3730.02,448608,8504,4764,1.9,3.05
YouTube,2766,6957.41,37038,41718,3871,112.64,2.52
Snapchat,3778,11350.93,207122,35933,2404,17.35,3.0
TikTok,1028,2640.1,205813,15404,647,7.48,2.57
Snapchat,3602,17121.6,106218,3243,1398,3.05,4.75
TikTok,2928,13782.76,213358,28644,113,13.43,4.71
TikTok,874,2955.18,453688,42559,4056,9.38,3.38
Twitter,3801,21992.79,456493,31884,254,6.98,5.79
Email,2500,9176.18,361949,22677,4379,6.27,3.67
LinkedIn,4493,19643.57,227036,4695,774,2.07,4.37
Pinterest,1196,3303.67,393298,49270,2839,12.53,2.76
Pinterest,2169,6407.8,311234,7466,2228,2.4,2.95
Meta,2239,8920.07,150454,29653,2349,19.71,3.98
YouTube,1781,10400.67,74375,3245,2253,4.36,5.84
Twitter,1067,5540.48,477087,49372,1792,10.35,5.19
Pinterest,2669,6189.29,33649,39150,1459,116.35,2.32
Email,3394,12161.1,309228,45359,2218,14.67,3.58
Pinterest,2166,6423.32,279870,45108,2549,16.12,2.97
Snapchat,3253,7545.1,91620,31771,2874,34.68,2.32
Pinterest,3605,15168.06,44979,36182,1598,80.44,4.21
Twitter,4096,11257.11,291045,26435,4232,9.08,2.75
Meta,4580,23965.06,373074,31792,1739,8.52,5.23
Instagram,1471,7634.43,371201,27698,4130,7.46,5.19
Instagram,1014,2055.96,209165,39424,442,18.85,2.03
Snapchat,3406,19285.39,297844,23591,184,7.92,5.66
Instagram,3262,7802.55,270494,14126,3300,5.22,2.39
LinkedIn,4244,24549.56,25686,30891,853,120.26,5.78
LinkedIn,824,3051.9,59043,13900,2252,23.54,3.7
Email,2161,10428.49,478758,13477,4106,2.81,4.83
YouTube,1341,2926.35,114619,35071,2187,30.6,2.18
YouTube,3078,9477.41,184220,33591,2312,18.23,3.08
Pinterest,2476,14051.22,416052,2245,2868,0.54,5.67
Google,2217,11787.09,419116,44387,203,10.59,5.32
TikTok,1809,8582.37,57045,32622,3392,57.19,4.74
Pinterest,836,4571.95,436899,24912,2367,5.7,5.47
Google,1428,4887.13,92345,49437,4900,53.54,3.42
LinkedIn,780,2784.56,481630,8801,4021,1.83,3.57
Instagram,1953,9915.79,265712,20099,2998,7.56,5.08
YouTube,1476,5216.97,55644,3157,3606,5.67,3.53
Instagram,4535,16590.91,412502,19568,2854,4.74,3.66
Google,2898,7633.06,41436,1500,4567,3.62,2.63
TikTok,2423,5770.42,148069,26364,3505,17.81,2.38
Twitter,2921,6182.07,364396,43099,2279,11.83,2.12
LinkedIn,1972,4088.46,478722,23661,4024,4.94,2.07
Meta,3048,6700.33,446995,42832,3882,9.58,2.2
TikTok,2296,9922.98,41364,34846,4317,84.24,4.32
Google,3401,19750.84,442771,19641,4194,4.44,5.81
LinkedIn,4790,14014.78,60182,11519,4159,19.14,2.93
YouTube,1450,4281.34,194431,1052,1410,0.54,2.95
TikTok,3736,12369.49,464538,20374,2678,4.39,3.31
YouTube,560,2709.5,199260,2939,104,1.47,4.84
Twitter,1992,7946.86,434642,25655,4328,5.9,3.99
LinkedIn,1030,6144.6,160697,43512,1611,27.08,5.97
LinkedIn,3636,11268.36,243321,29883,65,12.28,3.1
LinkedIn,3987,20675.03,434079,5515,2087,1.27,5.19
Email,4511,9268.43,406959,3344,1378,0.82,2.05
Meta,2477,6561.58,83858,8119,4734,9.68,2.65
TikTok,1141,6247.99,259178,19623,1392,7.57,5.48
YouTube,3277,16585.42,196117,16088,4341,8.2,5.06
Twitter,2585,15416.2,130311,22113,2821,16.97,5.96
Instagram,1808,4432.59,277716,5685,3085,2.05,2.45
Meta,3562,12440.49,476375,4164,1790,0.87,3.49
Meta,681,1980.67,469390,10740,2437,2.29,2.91
Snapchat,4469,10653.72,10723,39864,4030,371.76,2.38
LinkedIn,3834,8766.46,348655,49554,1059,14.21,2.29
Twitter,3868,9919.93,269016,41835,1364,15.55,2.56
Email,2114,11085.92,51139,25489,623,49.84,5.24
Snapchat,3766,9532.77,370016,12046,3690,3.26,2.53
Email,507,2972.29,345459,47236,811,13.67,5.86
LinkedIn,2625,10376.67,32617,47679,731,146.18,3.95
Email,3191,17261.2,277468,34819,254,12.55,5.41
Pinterest,4767,13226.7,18404,23465,1795,127.5,2.77
Email,2415,9824.55,421895,23522,2975,5.58,4.07
Twitter,1716,4793.53,330194,26601,4737,8.06,2.79
TikTok,830,4119.21,426325,1047,1459,0.25,4.96
LinkedIn,3893,20419.85,277498,10587,1022,3.82,5.25
TikTok,939,2527.22,89732,17870,2096,19.91,2.69
Email,1186,6687.98,340165,12114,2411,3.56,5.64
Snapchat,4834,18424.73,354702,22784,3450,6.42,3.81
Meta,3285,8436.54,404485,34095,4616,8.43,2.57
TikTok,4359,16568.66,437928,37917,495,8.66,3.8
TikTok,4625,14857.03,48391,34976,3387,72.28,3.21
Email,3305,13418.72,176421,26743,68,15.16,4.06
Email,2306,13578.05,73053,32708,260,44.77,5.89
LinkedIn,2765,14287.01,280167,25173,3231,8.98,5.17
Twitter,4450,9492.03,373014,31087,1785,8.33,2.13
Instagram,3689,15283.43,249196,20905,79,8.39,4.14
Twitter,3387,18312.64,277150,34395,105,12.41,5.41
LinkedIn,3106,12211.99,304756,33406,1017,10.96,3.93
Google,3307,18696.87,170271,33226,930,19.51,5.65
Snapchat,1718,9996.29,355437,35867,3517,10.09,5.82
Snapchat,1976,6923.87,356338,23606,3435,6.62,3.5
LinkedIn,3401,8640.28,383048,21004,3001,5.48,2.54
Pinterest,3252,15431.47,43370,19949,1945,46.0,4.75
TikTok,1852,10635.22,361142,27684,2154,7.67,5.74
Pinterest,3326,16673.39,213258,20029,2723,9.39,5.01
Instagram,1870,10079.68,399687,14760,3033,3.69,5.39
Twitter,3743,16998.43,410506,5115,3720,1.25,4.54
Instagram,947,3006.51,258693,2001,500,0.77,3.17
Pinterest,1700,6468.93,51825,41078,1987,79.26,3.81
Snapchat,2386,9725.82,290329,10268,2728,3.54,4.08
Google,1507,5901.93,176144,19396,3291,11.01,3.92
LinkedIn,3123,17161.11,67218,27485,1427,40.89,5.5
Instagram,3274,11518.37,195508,30631,460,15.67,3.52
TikTok,3645,20701.15,174052,4480,809,2.57,5.68
Google,4694,16218.05,225743,30014,3177,13.3,3.46
Email,1632,5407.11,468639,40649,3192,8.67,3.31
Twitter,1959,5649.24,410384,5230,3877,1.27,2.88
Email,1080,5918.56,135006,36308,4662,26.89,5.48
Meta,1648,5489.92,58263,36817,2117,63.19,3.33
Pinterest,4494,20979.1,404392,7439,4776,1.84,4.67
Pinterest,2605,10578.32,326817,27652,2503,8.46,4.06
Email,3181,17265.05,427229,32057,1875,7.5,5.43
Email,3189,17942.57,229477,28008,4083,12.21,5.63
Twitter,1499,4354.58,315524,26151,1171,8.29,2.9
YouTube,4935,22516.46,495161,26752,3900,5.4,4.56
Twitter,4265,12878.31,315543,14891,2578,4.72,3.02
Meta,3317,8486.42,384710,3685,3121,0.96,2.56
Snapchat,2251,6586.74,280272,43163,1408,15.4,2.93
Pinterest,3989,10906.74,480055,32114,1449,6.69,2.73
Google,2065,9725.8,34142,3545,4356,10.38,4.71
YouTube,877,2724.37,38083,49990,1525,131.27,3.11
Pinterest,621,3261.38,208432,40289,3628,19.33,5.25
Email,517,1282.49,252648,38675,4762,15.31,2.48
YouTube,4393,20064.08,452489,44894,4465,9.92,4.57
Meta,4890,18775.99,155485,16114,2752,10.36,3.84
Email,3417,17239.51,458147,49579,121,10.82,5.05
LinkedIn,4418,17612.7,228000,21994,2823,9.65,3.99
Pinterest,2224,7822.25,12192,43461,1513,356.47,3.52
LinkedIn,2609,9947.79,445308,11040,2867,2.48,3.81
YouTube,2148,10802.69,118626,23175,1235,19.54,5.03
TikTok,3287,10214.92,300646,34176,4025,11.37,3.11
Instagram,2140,4709.44,43220,28551,1000,66.06,2.2
Google,4736,12027.59,435299,17298,4993,3.97,2.54
Google,3706,12263.75,475903,10262,2507,2.16,3.31
YouTube,3380,6826.1,347569,45958,3581,13.22,2.02
LinkedIn,1947,9160.55,245195,47749,417,19.47,4.7
Google,1476,5712.8,495378,39206,1730,7.91,3.87
Instagram,1509,7741.59,222442,20590,3463,9.26,5.13
TikTok,841,2769.19,365045,40929,4882,11.21,3.29
Email,1068,4214.48,329843,14937,1223,4.53,3.95
Meta,2706,8914.8,312043,32198,4845,10.32,3.29
Instagram,3755,20213.03,15345,26795,270,174.62,5.38
TikTok,3539,11365.44,237115,20047,4473,8.45,3.21
YouTube,790,4630.67,402793,5382,4869,1.34,5.86
Email,4372,20270.52,297927,23123,1076,7.76,4.64
Instagram,2148,6391.34,219951,3841,1741,1.75,2.98
Google,1098,3134.08,203898,42266,4357,20.73,2.85
Meta,3214,7056.56,417443,6681,1212,1.6,2.2
Meta,1020,5982.35,113085,22212,3912,19.64,5.87
YouTube,4489,18886.02,62174,47570,2166,76.51,4.21
YouTube,3538,18958.25,431826,31660,4697,7.33,5.36
LinkedIn,1694,7794.19,134701,42369,910,31.45,4.6
TikTok,2291,11815.13,464255,30312,1488,6.53,5.16
YouTube,2255,7957.15,466957,12264,4809,2.63,3.53
TikTok,3669,20265.26,189926,2844,504,1.5,5.52
Google,2401,12021.47,390605,26342,1875,6.74,5.01
Snapchat,3842,16689.17,272897,20154,2066,7.39,4.34
Email,3140,8699.6,454831,30171,520,6.63,2.77
YouTube,4668,21730.78,470600,12057,614,2.56,4.66
LinkedIn,4087,17055.63,437254,46978,76,10.74,4.17
Snapchat,2749,6063.98,394803,9875,1124,2.5,2.21
Snapchat,979,2982.42,427125,24748,1721,5.79,3.05
Meta,731,1523.9,128635,18698,349,14.54,2.08
Email,3200,17832.97,217993,37389,4707,17.15,5.57
LinkedIn,1558,4534.82,158376,31870,3919,20.12,2.91
Twitter,1064,4094.32,120900,30637,1138,25.34,3.85
Snapchat,3270,17896.59,470266,33540,4275,7.13,5.47
Email,2968,12963.22,101412,38121,509,37.59,4.37
Instagram,775,4242.3,48268,5337,2647,11.06,5.47
Twitter,4004,19588.94,343225,33673,3060,9.81,4.89
YouTube,667,3659.5,162240,44793,542,27.61,5.49
Email,4535,26061.04,390009,26404,4898,6.77,5.75
Google,1282,6083.87,52398,35530,2358,67.81,4.75
Instagram,2865,11646.13,301035,46825,3656,15.55,4.06
Instagram,1964,6601.97,373832,44820,416,11.99,3.36
LinkedIn,4037,17419.47,196806,24599,1151,12.5,4.31
Snapchat,2429,10531.43,361298,21015,4772,5.82,4.34
Google,546,3147.77,143562,34548,2887,24.06,5.77
Pinterest,675,1717.13,191352,39303,3765,20.54,2.54
LinkedIn,1427,7782.64,34172,3559,2759,10.41,5.45
Pinterest,534,2190.28,474828,34359,4881,7.24,4.1
Google,3739,17856.05,204009,42959,4336,21.06,4.78
LinkedIn,3894,22780.67,451722,12184,404,2.7,5.85
Twitter,2256,5350.79,283146,29434,1561,10.4,2.37
Email,1314,6404.23,51029,22491,3498,44.07,4.87
Pinterest,2682,6107.95,369332,25951,779,7.03,2.28
Meta,4449,14549.01,57452,6710,373,11.68,3.27
Email,2934,15601.25,248234,8299,4434,3.34,5.32
Twitter,4157,20523.64,49551,12712,3826,25.65,4.94
Instagram,4316,14548.75,305578,7174,3804,2.35,3.37
Pinterest,4043,19599.58,345489,38727,3921,11.21,4.85
Google,4967,12761.56,300519,17677,1341,5.88,2.57
Pinterest,4759,28539.42,31289,10396,3955,33.23,6.0
YouTube,2245,11478.17,251735,22505,1929,8.94,5.11
Meta,2606,11450.19,115446,13127,2798,11.37,4.39
LinkedIn,3081,9934.45,124427,39809,1547,31.99,3.22
LinkedIn,3577,9847.36,424067,6253,2728,1.47,2.75
Google,761,1815.51,93211,6209,2241,6.66,2.39
TikTok,1291,4189.29,288564,14882,1451,5.16,3.24
Snapchat,1883,7664.34,102852,9478,4755,9.22,4.07
Meta,1703,6594.18,364719,22687,3129,6.22,3.87
YouTube,3373,10688.24,371283,18999,3171,5.12,3.17
Email,4651,13355.84,164058,9285,4194,5.66,2.87
Pinterest,4873,9981.39,82264,18775,2485,22.82,2.05
Twitter,946,3475.27,252694,22284,3150,8.82,3.67
YouTube,2997,11799.44,435531,44580,2863,10.24,3.94
Google,4402,13137.21,466922,25310,2531,5.42,2.98
Pinterest,1064,2316.08,390112,13131,1988,3.37,2.18
LinkedIn,4223,19641.7,130415,38225,984,29.31,4.65
Google,4263,12885.54,473060,18964,2279,4.01,3.02
Google,3456,15970.31,17660,4942,4059,27.98,4.62
Instagram,1385,7273.35,487967,11772,2191,2.41,5.25
Meta,735,2598.2,59215,17093,1538,28.87,3.53
Email,3962,15068.18,160785,14448,4758,8.99,3.8
Email,3711,11085.26,24886,6249,1703,25.11,2.99
Instagram,2122,5687.96,12857,6667,4629,51.86,2.68
Snapchat,728,3099.85,114151,22456,1041,19.67,4.26
Email,1891,7832.38,93442,31522,523,33.73,4.14
Meta,2101,11024.56,431966,43550,3827,10.08,5.25
Instagram,762,4388.08,174413,40461,4925,23.2,5.76
Meta,4275,8580.13,446434,26872,2760,6.02,2.01
TikTok,1599,7046.54,339401,3222,3529,0.95,4.41
Pinterest,1149,2721.17,126141,16714,1996,13.25,2.37
TikTok,2276,13372.01,418920,48739,4669,11.63,5.88
Pinterest,4605,18401.31,419395,17016,1465,4.06,4.0
LinkedIn,942,3510.79,267368,27284,4504,10.2,3.73
Google,4839,21370.74,180676,44339,2385,24.54,4.42
Email,3313,18326.03,172485,7719,2537,4.48,5.53
LinkedIn,2370,7707.14,114289,13201,1574,11.55,3.25
LinkedIn,3126,9033.23,305558,46784,1318,15.31,2.89
Snapchat,4008,17542.33,186174,23270,2622,12.5,4.38
Email,3242,19166.68,443467,23669,2613,5.34,5.91
Pinterest,3376,13518.91,288445,37853,93,13.12,4.0
Twitter,4125,21767.41,499604,31243,94,6.25,5.28
Google,2352,12107.6,407884,21443,183,5.26,5.15
Pinterest,1819,7865.98,365163,1590,1860,0.44,4.32
Twitter,1027,4374.34,21020,38950,3744,185.3,4.26
Meta,1807,4994.35,496482,39180,218,7.89,2.76
TikTok,777,4223.96,148346,15183,1713,10.23,5.44
Pinterest,4422,23159.31,217532,21985,2982,10.11,5.24
LinkedIn,1389,4634.56,258924,13876,3753,5.36,3.34
LinkedIn,4344,10259.57,237310,31502,796,13.27,2.36
LinkedIn,2154,6761.22,84386,28028,958,33.21,3.14
Instagram,3096,10912.86,394936,7925,2200,2.01,3.52
Pinterest,1291,7643.0,161381,21369,841,13.24,5.92
Snapchat,3135,13935.45,310909,41408,3472,13.32,4.45
Meta,3486,16717.77,137089,49785,1492,36.32,4.8
YouTube,3643,10322.41,412535,18421,3981,4.47,2.83
Meta,540,1413.38,212782,49737,1854,23.37,2.62
LinkedIn,2831,5761.15,197876,25750,2532,13.01,2.04
Google,3606,17083.87,457685,28563,1920,6.24,4.74
TikTok,1631,4281.12,65285,42404,4568,64.95,2.62
LinkedIn,4519,15634.66,344173,27899,568,8.11,3.46
Instagram,4191,15264.59,93762,45419,2987,48.44,3.64
Instagram,714,3711.4,224775,41054,2627,18.26,5.2
YouTube,1595,6772.41,339824,18438,1386,5.43,4.25
YouTube,4658,27154.8,69155,23072,198,33.36,5.83
Email,869,3107.6,381725,11238,653,2.94,3.58
Meta,1705,5858.4,419377,22319,165,5.32,3.44
Twitter,1044,6142.62,371125,40046,4409,10.79,5.88
LinkedIn,3128,18054.86,165207,35514,1599,21.5,5.77
TikTok,3839,16028.51,476559,19859,1184,4.17,4.18
Twitter,3201,10786.8,161206,26538,3700,16.46,3.37
Snapchat,4306,9100.47,287101,18811,2542,6.55,2.11
Pinterest,1122,4029.0,124019,22747,2346,18.34,3.59
Email,1891,5581.87,354752,27221,830,7.67,2.95
Twitter,1123,4791.24,388482,20331,3323,5.23,4.27
TikTok,3615,9629.74,67826,4932,2521,7.27,2.66
Pinterest,1044,2274.34,172559,32856,3704,19.04,2.18
Meta,1368,3395.01,237650,2880,3945,1.21,2.48
Google,4397,20223.2,20779,25794,3286,124.13,4.6
Snapchat,2905,10536.06,259031,35089,114,13.55,3.63
LinkedIn,4650,14063.09,404649,42534,387,10.51,3.02
LinkedIn,3690,12079.12,409700,44650,155,10.9,3.27
Pinterest,2545,9949.57,421043,22849,4333,5.43,3.91
Instagram,3547,17470.09,371823,9666,3931,2.6,4.93
Pinterest,3187,13213.66,229293,31718,411,13.83,4.15
LinkedIn,4649,26672.35,302445,4011,1031,1.33,5.74
TikTok,4069,14749.29,154179,46195,3552,29.96,3.62
YouTube,3789,12494.68,337833,19417,1959,5.75,3.3
TikTok,1608,6459.78,44061,11681,1920,26.51,4.02
Google,849,2281.93,236548,5909,3679,2.5,2.69
YouTube,1731,10131.84,15174,13738,4422,90.54,5.85
YouTube,3285,11555.09,277583,39143,1487,14.1,3.52
Meta,3078,7350.6,398749,40491,4577,10.15,2.39
LinkedIn,3746,8124.37,214975,7294,2206,3.39,2.17
Instagram,3986,15328.97,210449,13762,857,6.54,3.85
Email,751,1586.37,346739,28815,3006,8.31,2.11
TikTok,3339,17709.04,132906,3829,2070,2.88,5.3
YouTube,4289,19995.73,214137,45762,4628,21.37,4.66
YouTube,4551,22116.4,215178,15712,3582,7.3,4.86
Instagram,4866,13591.59,378704,45681,4677,12.06,2.79
Snapchat,2196,12767.69,102816,31629,4306,30.76,5.81
Instagram,577,2601.49,465386,32438,1580,6.97,4.51
Instagram,3713,19978.71,369395,45255,3389,12.25,5.38
LinkedIn,4300,21297.47,354361,22376,921,6.31,4.95
TikTok,4269,16387.97,496387,44444,4097,8.95,3.84
Meta,4332,8999.17,452534,24908,452,5.5,2.08
Pinterest,4668,18640.75,186992,42611,4182,22.79,3.99
Meta,4898,27279.62,341020,42868,1454,12.57,5.57
Google,4557,26435.07,118881,21190,2976,17.82,5.8
TikTok,883,4019.67,347708,30545,818,8.78,4.55
Instagram,3916,21717.87,346053,49044,762,14.17,5.55
Twitter,2988,7590.34,274651,37244,2852,13.56,2.54
Snapchat,1105,3992.75,19235,29187,1399,151.74,3.61
Google,4158,10860.19,410358,32952,2410,8.03,2.61
Twitter,4273,18786.54,179731,48309,1147,26.88,4.4
Pinterest,4904,13425.54,321880,13632,2229,4.24,2.74
Instagram,1644,7543.39,486404,14957,3220,3.08,4.59
LinkedIn,3926,22374.36,193800,11388,716,5.88,5.7
Meta,1045,2554.22,215683,36157,3293,16.76,2.44
YouTube,4896,26869.75,73283,33587,3938,45.83,5.49
Meta,4006,10211.59,131382,1335,1473,1.02,2.55
Instagram,4127,15262.73,79414,17692,222,22.28,3.7
Meta,1765,6762.06,496429,47062,4444,9.48,3.83
Google,2031,5950.23,244444,40308,4356,16.49,2.93
LinkedIn,4963,13847.21,357155,2111,362,0.59,2.79
TikTok,3914,22300.66,493005,21919,671,4.45,5.7
Instagram,2499,13743.24,78940,13932,478,17.65,5.5
Meta,3571,11645.09,115842,9680,1635,8.36,3.26
Instagram,1308,6191.86,236833,22413,2259,9.46,4.73
Twitter,3696,21954.85,338560,19240,1557,5.68,5.94
Email,3643,16948.28,357295,45352,618,12.69,4.65
Meta,574,3152.86,475453,26036,1009,5.48,5.49
LinkedIn,1655,5166.98,405156,40127,2878,9.9,3.12
Meta,907,4289.02,342830,29289,3902,8.54,4.73
Pinterest,3530,17429.45,481892,4047,3007,0.84,4.94
LinkedIn,1782,7010.16,330638,42371,3776,12.81,3.93
TikTok,1477,6073.8,490455,9856,3080,2.01,4.11
Snapchat,3696,8944.79,133123,27366,3821,20.56,2.42
Snapchat,978,3058.7,41372,28210,160,68.19,3.13
Snapchat,2177,9705.69,325534,31623,2457,9.71,4.46
Google,2342,5405.06,231344,36161,4078,15.63,2.31
Snapchat,1924,8895.71,191181,14343,1649,7.5,4.62
TikTok,656,2379.47,472576,31678,1744,6.7,3.63
TikTok,1119,4907.97,202245,13481,443,6.67,4.39
Instagram,1674,4873.9,490680,48300,278,9.84,2.91
Snapchat,2708,13293.18,59766,33371,4459,55.84,4.91
Email,4034,20429.48,25001,21850,2311,87.4,5.06
Snapchat,1386,3307.62,111211,32355,3641,29.09,2.39
Meta,3722,17938.53,107920,36779,4522,34.08,4.82
LinkedIn,1145,2396.97,282752,18493,710,6.54,2.09
Email,3066,17363.84,14456,4697,2321,32.49,5.66
LinkedIn,1537,8425.21,355538,41188,4625,11.58,5.48
Snapchat,1178,6510.18,369015,6746,654,1.83,5.53
Meta,1698,6580.39,440081,10768,1479,2.45,3.88
Instagram,1771,6746.12,428756,8029,1342,1.87,3.81
Google,4128,18803.43,103814,27985,544,26.96,4.56
Pinterest,1304,5607.54,204086,23106,3334,11.32,4.3
Meta,1694,5772.25,11679,9611,3410,82.29,3.41
Snapchat,3608,19350.67,58216,13615,510,23.39,5.36
Pinterest,3316,17737.07,328456,29185,2380,8.89,5.35
LinkedIn,3918,15852.15,18629,25092,3820,134.69,4.05
TikTok,943,2396.65,283938,17524,4411,6.17,2.54
LinkedIn,3136,14671.88,491774,6525,4050,1.33,4.68
LinkedIn,3232,12503.71,140436,32180,1019,22.91,3.87
LinkedIn,1807,8351.01,372045,27091,2847,7.28,4.62
Pinterest,1895,4285.5,248866,17542,3866,7.05,2.26
Google,1343,6759.02,45664,17969,262,39.35,5.03
TikTok,2288,10432.33,414298,28968,4985,6.99,4.56
Instagram,1557,7238.99,245845,4805,4210,1.95,4.65
Twitter,3360,10733.98,267722,18229,407,6.81,3.19
Twitter,3900,16775.44,260575,14781,92,5.67,4.3
Twitter,4733,24869.88,75905,33968,3448,44.75,5.25
Google,1131,4158.59,147501,4672,1699,3.17,3.68
Google,2474,9021.56,265145,19680,323,7.42,3.65
Google,2059,10161.79,318120,48896,3684,15.37,4.94
Snapchat,1799,10593.1,238044,5337,4685,2.24,5.89
Twitter,2062,6356.12,297543,31378,1136,10.55,3.08
Instagram,2024,9180.44,199526,37621,1557,18.86,4.54
Google,629,1950.51,222147,25307,1619,11.39,3.1
TikTok,837,4444.53,124069,28622,2644,23.07,5.31
Google,2975,14043.66,51850,13810,1463,26.63,4.72
LinkedIn,1236,5634.67,392001,37504,1468,9.57,4.56
Google,2377,4982.47,60822,45815,1961,75.33,2.1
Twitter,3995,23489.12,388633,13195,1524,3.4,5.88
LinkedIn,574,3193.04,457190,38958,1186,8.52,5.56
Meta,1916,8476.35,203816,6693,4596,3.28,4.42
Meta,577,2144.21,301370,31967,4304,10.61,3.72
Pinterest,646,3480.02,144917,44659,516,30.82,5.39
YouTube,3012,12794.7,118580,42000,3542,35.42,4.25
Meta,2065,6422.84,50531,43843,3168,86.76,3.11
Google,3363,8060.22,46516,8215,2419,17.66,2.4
Pinterest,2171,8713.15,73676,35027,69,47.54,4.01
Meta,4217,20334.43,108236,32019,2629,29.58,4.82
YouTube,4878,27727.54,174550,47194,3076,27.04,5.68
Meta,1555,4239.13,99590,46429,3553,46.62,2.73
Meta,608,2103.26,127687,47444,1186,37.16,3.46
YouTube,1792,4841.55,304591,29292,1603,9.62,2.7
Snapchat,881,4834.83,126026,6625,2845,5.26,5.49
Meta,1249,7026.83,447096,25254,4401,5.65,5.63
Google,3305,12112.73,302547,4981,216,1.65,3.66
Google,3782,20899.43,497296,19992,2091,4.02,5.53
LinkedIn,3130,15754.49,272352,26775,67,9.83,5.03
YouTube,4039,12393.6,38520,12943,3299,33.6,3.07
Twitter,4797,24459.75,109405,33443,522,30.57,5.1
Twitter,4342,16954.14,265747,44322,1055,16.68,3.9
Instagram,1587,4287.06,473533,45335,2594,9.57,2.7
Google,2140,12820.42,134294,21356,4932,15.9,5.99
Pinterest,2124,11553.05,342752,1038,3598,0.3,5.44
Instagram,3175,16042.76,493365,7008,2551,1.42,5.05
Snapchat,972,3978.98,264536,42888,4528,16.21,4.09
TikTok,4927,17628.59,225718,38510,4536,17.06,3.58
Twitter,3290,10950.55,450658,4170,222,0.93,3.33
Meta,4438,22505.49,476819,6392,3230,1.34,5.07
TikTok,1894,7149.22,127531,36498,3315,28.62,3.77
Google,1646,3607.51,102396,26149,462,25.54,2.19
Instagram,672,3837.59,48384,9732,1273,20.11,5.71
Meta,2742,8262.75,69508,9730,2463,14.0,3.01
TikTok,4442,18815.19,343842,17046,4285,4.96,4.24
Instagram,916,2795.07,100552,42477,2009,42.24,3.05
YouTube,1712,9301.33,352824,19434,3722,5.51,5.43
Meta,1706,8109.25,425126,49626,3853,11.67,4.75
LinkedIn,3196,8953.43,188325,29377,2247,15.6,2.8
LinkedIn,3177,18105.35,231691,42943,339,18.53,5.7
Pinterest,1014,3576.38,234786,47921,4320,20.41,3.53
LinkedIn,4755,14149.84,10225,21619,279,211.43,2.98
LinkedIn,3533,13629.92,165697,23179,797,13.99,3.86
Snapchat,3300,9480.16,384516,19280,3050,5.01,2.87
Snapchat,3027,10809.37,454646,49934,2231,10.98,3.57
Twitter,1129,2666.52,75201,20089,4822,26.71,2.36
Pinterest,4695,16480.34,12209,7824,3544,64.08,3.51
Meta,3829,21215.99,390728,9859,592,2.52,5.54
LinkedIn,1891,7451.67,87302,1881,1984,2.15,3.94
TikTok,3716,17771.85,48322,12601,2674,26.08,4.78
YouTube,2654,6115.66,162152,43333,4265,26.72,2.3
Snapchat,3189,13314.29,313648,38930,754,12.41,4.18
Snapchat,1868,11002.95,440491,31926,1292,7.25,5.89
Instagram,2017,6585.86,280581,48184,1278,17.17,3.27
Pinterest,4554,21842.69,425982,49933,2430,11.72,4.8
Pinterest,2301,6358.58,116540,35258,4752,30.25,2.76
Twitter,1962,9371.78,212857,43309,542,20.35,4.78
Snapchat,1593,4391.68,169851,44582,3710,26.25,2.76
Twitter,3521,9150.08,321611,29122,3431,9.06,2.6
Snapchat,2124,8791.69,149154,6211,2525,4.16,4.14
Email,666,1595.63,309175,19275,2098,6.23,2.4
TikTok,2689,7766.37,472854,32440,580,6.86,2.89
TikTok,3118,9740.24,478711,43638,969,9.12,3.12
Instagram,4956,19713.24,131133,29394,1136,22.42,3.98
Email,1433,7983.81,82169,1949,806,2.37,5.57
YouTube,4415,21338.68,113346,40840,4797,36.03,4.83
Twitter,4816,19660.03,377193,39679,4486,10.52,4.08
Meta,2001,6235.61,488143,2775,674,0.57,3.12
Email,4482,10812.18,349701,43943,3882,12.57,2.41
YouTube,1927,8111.53,114936,2381,396,2.07,4.21
Google,1799,10468.79,370764,13504,1191,3.64,5.82
TikTok,4259,18970.54,447776,6294,94,1.41,4.45
Snapchat,3295,10298.57,379449,28224,4434,7.44,3.13
TikTok,2780,9142.8,142195,35980,221,25.3,3.29
Pinterest,4130,13595.25,159555,25797,2997,16.17,3.29
YouTube,1473,7650.32,253098,43709,3962,17.27,5.19
Email,1482,8472.04,293892,9581,1822,3.26,5.72
Twitter,1823,4110.1,214628,40117,3344,18.69,2.25
Google,2672,11617.75,120230,44886,4136,37.33,4.35
Snapchat,1982,6731.79,53754,10003,1375,18.61,3.4
Snapchat,2265,12685.44,400404,36393,4982,9.09,5.6
Meta,2022,5092.4,138499,26534,555,19.16,2.52
Pinterest,2841,9718.62,369708,37649,1408,10.18,3.42
Meta,2578,6071.18,455201,45548,1317,10.01,2.35
Pinterest,2633,10542.95,285652,40818,4053,14.29,4.0
Instagram,2808,14183.19,200980,13691,4256,6.81,5.05
YouTube,4870,11273.07,324661,13082,2039,4.03,2.31
Twitter,1140,4603.82,267158,34583,4243,12.94,4.04
TikTok,3955,10910.96,309940,7362,1043,2.38,2.76
Instagram,2889,17142.63,310573,41466,4903,13.35,5.93
Snapchat,4895,23009.24,370881,2973,2795,0.8,4.7
TikTok,645,1988.77,165637,6122,4225,3.7,3.08
Snapchat,2691,7362.0,446851,3919,1195,0.88,2.74
YouTube,3157,15136.46,417433,36555,2856,8.76,4.79
Twitter,1423,7856.75,112963,36563,1189,32.37,5.52
LinkedIn,3309,6897.5,70838,48110,3965,67.92,2.08
Email,930,2512.73,97379,28308,1241,29.07,2.7
LinkedIn,1066,3724.09,161922,11062,1146,6.83,3.49
Instagram,1774,3633.54,105791,26497,2028,25.05,2.05
Snapchat,4267,21999.78,269323,29785,1049,11.06,5.16
YouTube,577,1548.17,124244,6690,2832,5.38,2.68
LinkedIn,1355,3853.85,21575,38691,325,179.33,2.84
Snapchat,1472,5788.76,460356,2400,4580,0.52,3.93
Snapchat,1060,3392.97,300878,43923,2446,14.6,3.2
Email,2294,11220.19,311470,40869,2760,13.12,4.89
Email,4456,18554.82,402198,47812,2010,11.89,4.16
Pinterest,1109,4193.25,484716,32514,4226,6.71,3.78
Email,1395,7800.6,106586,36137,4232,33.9,5.59
TikTok,3540,14889.84,48865,14310,4624,29.28,4.21
Google,1432,4119.21,405652,27095,201,6.68,2.88
YouTube,2057,9345.15,146549,21620,4950,14.75,4.54
LinkedIn,3824,12614.84,285748,32818,4708,11.48,3.3
Email,4777,13619.18,138217,15676,1506,11.34,2.85
Email,1683,8304.23,331114,22051,747,6.66,4.93
Email,785,1953.73,235480,8591,2404,3.65,2.49
Email,3758,10434.95,289725,12764,4237,4.41,2.78
Email,1538,5915.76,235844,44822,1769,19.0,3.85
TikTok,3187,10931.79,416503,36583,4824,8.78,3.43
Instagram,3729,10494.58,394210,10710,1648,2.72,2.81
Snapchat,4496,10180.79,295960,46693,1119,15.78,2.26
YouTube,4798,10362.97,160280,34319,1020,21.41,2.16
Email,2540,13978.61,318358,39039,1778,12.26,5.5
Pinterest,3972,11582.74,311233,28347,2295,9.11,2.92
YouTube,3632,8512.57,468322,5857,1057,1.25,2.34
Pinterest,4766,13048.42,203099,37937,1880,18.68,2.74
Instagram,4290,14233.45,17659,16277,4591,92.17,3.32
LinkedIn,557,2349.38,116835,45342,4810,38.81,4.22
Meta,3014,10389.27,61331,6956,2610,11.34,3.45
Twitter,3838,7878.27,128904,32206,681,24.98,2.05
LinkedIn,4768,12877.65,255639,37808,2776,14.79,2.7
Meta,1729,3472.94,422464,28541,1256,6.76,2.01
Google,3267,10218.37,360493,22625,858,6.28,3.13
Email,4018,18636.05,77361,35030,4952,45.28,4.64
Meta,2375,5202.26,469579,6792,2090,1.45,2.19
Meta,4359,10654.43,261044,11356,2845,4.35,2.44
YouTube,2700,7509.51,51177,23742,1311,46.39,2.78
TikTok,2986,9951.15,497501,15955,2381,3.21,3.33
Instagram,3193,18831.89,177944,5472,3313,3.08,5.9
Email,1681,9813.13,66194,21465,3853,32.43,5.84
Instagram,4333,22577.9,440252,48299,4160,10.97,5.21
TikTok,1683,3696.65,468370,44615,2079,9.53,2.2
YouTube,1189,4652.04,452636,13534,1157,2.99,3.91
Twitter,3677,19777.55,147759,22726,342,15.38,5.38
Meta,4164,11945.85,53150,6786,989,12.77,2.87
YouTube,2315,7722.82,487697,35264,4766,7.23,3.34
Email,3222,8554.51,30594,16899,2947,55.24,2.66
Email,4684,11018.17,284192,25417,3045,8.94,2.35
Twitter,2671,5920.32,428495,18129,188,4.23,2.22
YouTube,1471,3752.85,77536,41395,3429,53.39,2.55
Pinterest,3442,9004.74,87672,20256,1105,23.1,2.62
Google,906,2266.31,332389,28481,3289,8.57,2.5
TikTok,4296,22398.26,427701,3331,781,0.78,5.21
Snapchat,1612,7179.4,139025,35024,1838,25.19,4.45
TikTok,2109,7793.15,253997,6624,4264,2.61,3.7
Instagram,3981,20442.28,155022,3578,2341,2.31,5.13
Pinterest,4738,12500.5,14389,12381,4644,86.04,2.64
Snapchat,3343,17716.17,425245,45987,3699,10.81,5.3
Pinterest,3406,10563.95,181834,9580,3718,5.27,3.1
Pinterest,1906,6546.36,48809,45540,1381,93.3,3.43
Snapchat,1744,8433.33,74928,29830,4604,39.81,4.84
LinkedIn,4584,17363.9,136685,7996,4878,5.85,3.79
Meta,4808,15252.31,338777,11626,1714,3.43,3.17
YouTube,1885,10016.26,414733,7420,1833,1.79,5.31
TikTok,947,3158.06,18185,46068,2921,253.33,3.33
Email,3570,16907.81,452809,38934,2856,8.6,4.74
Meta,3976,22425.2,150966,36493,395,24.17,5.64
Twitter,3483,11797.92,477697,37256,4958,7.8,3.39
Email,3229,11435.38,60639,2280,2944,3.76,3.54
Google,4232,13271.2,38801,33758,86,87.0,3.14
YouTube,1107,3154.05,386050,16267,3653,4.21,2.85
Snapchat,1732,5312.01,223948,44574,1957,19.9,3.07
TikTok,3076,14335.79,112493,23873,4929,21.22,4.66
TikTok,2939,8678.15,383878,47648,1765,12.41,2.95
Pinterest,2433,7921.56,63416,4549,3041,7.17,3.26
Instagram,4702,16353.24,22616,1720,352,7.61,3.48
YouTube,3347,15156.71,33261,43270,3847,130.09,4.53
Google,3157,18141.0,116052,30721,3146,26.47,5.75
Instagram,3986,13056.53,462065,25781,1562,5.58,3.28
Meta,1454,5359.17,386145,25096,4840,6.5,3.69
LinkedIn,855,3076.21,367533,13254,2984,3.61,3.6
Email,3366,10362.44,445181,45960,2138,10.32,3.08
Pinterest,3949,11786.84,494334,36098,919,7.3,2.98
Google,3179,15659.96,61960,20023,924,32.32,4.93
YouTube,3855,8364.19,479849,10487,3130,2.19,2.17
Meta,2904,11358.52,186982,20360,609,10.89,3.91
Twitter,3845,14796.98,304112,40655,2182,13.37,3.85
Google,819,3602.24,443447,21177,975,4.78,4.4
Twitter,1715,7281.17,186073,18402,3916,9.89,4.25
Twitter,1471,7521.52,491753,19375,4593,3.94,5.11
Meta,4842,25270.11,306927,4154,2792,1.35,5.22
Twitter,2459,11118.96,392201,2718,2300,0.69,4.52
Instagram,3231,18995.93,97061,27801,3517,28.64,5.88
YouTube,2723,5497.61,357284,39978,4907,11.19,2.02
Twitter,1828,9537.68,416509,26727,3819,6.42,5.22
Twitter,2123,10098.14,26885,15803,2436,58.78,4.76
Meta,1438,3554.41,478252,4584,1217,0.96,2.47
Instagram,4106,20795.52,164743,24187,4893,14.68,5.06
YouTube,3970,11981.22,75320,6518,3673,8.65,3.02
Twitter,4168,13185.33,330858,23976,4922,7.25,3.16
Instagram,3512,13372.58,489402,25043,949,5.12,3.81
Snapchat,4840,27032.4,140149,1503,1480,1.07,5.59
Pinterest,544,2679.5,26640,30149,3580,113.17,4.93
Meta,729,3738.08,120442,14951,1912,12.41,5.13
Twitter,4237,15158.7,43155,27433,2059,63.57,3.58
Snapchat,1718,3707.9,409432,43872,1866,10.72,2.16
Meta,3136,7667.86,175221,49723,4246,28.38,2.45
TikTok,1336,5811.09,266772,43295,4048,16.23,4.35
YouTube,2972,7822.1,39712,28795,224,72.51,2.63
Google,3134,17193.34,442268,22216,4204,5.02,5.49
Instagram,2593,14427.79,396178,1649,2934,0.42,5.56
Meta,2828,8142.18,59597,40058,1243,67.21,2.88
Meta,4922,24749.95,301788,27900,463,9.24,5.03
Instagram,4033,23585.47,421371,41561,1846,9.86,5.85
Twitter,2510,12641.05,485110,31536,2469,6.5,5.04
YouTube,2543,12308.04,69107,25220,739,36.49,4.84
TikTok,2487,14585.64,434482,12582,2646,2.9,5.86
LinkedIn,827,4702.87,470568,39517,2621,8.4,5.69
Meta,2967,15618.23,383506,48584,429,12.67,5.26
Meta,4282,11844.39,49184,42773,3477,86.97,2.77
Pinterest,3379,12055.1,85024,22897,3297,26.93,3.57
TikTok,1450,4295.92,230594,8238,1989,3.57,2.96
Instagram,2268,11931.9,408508,19036,3710,4.66,5.26
Meta,2900,16764.1,403293,4704,948,1.17,5.78
LinkedIn,4619,12334.46,83828,16603,3388,19.81,2.67
Google,2060,7655.26,33914,4443,4795,13.1,3.72
Google,3811,16047.86,497581,40571,864,8.15,4.21
Email,559,1156.8,44110,2541,683,5.76,2.07
Twitter,1658,9016.18,209606,44471,2266,21.22,5.44
LinkedIn,4262,12535.66,223326,47704,2833,21.36,2.94
Pinterest,3831,15070.45,168729,47964,4260,28.43,3.93
Pinterest,1022,3720.29,432607,46317,4129,10.71,3.64
Google,2170,9741.92,217402,39461,3374,18.15,4.49
TikTok,4957,11012.73,240861,34793,4455,14.45,2.22
Twitter,4518,9088.14,417519,36628,3003,8.77,2.01
TikTok,834,4306.54,208777,18345,2092,8.79,5.16
Google,1728,10047.19,332127,18563,1664,5.59,5.81
Twitter,1795,4581.54,362101,14189,2640,3.92,2.55
Instagram,4716,15441.04,196964,39172,1164,19.89,3.27
Email,2942,6875.89,300871,47664,4105,15.84,2.34
Twitter,1498,8537.02,435733,4461,220,1.02,5.7
Email,4051,9039.1,94754,43964,3377,46.4,2.23
Email,4773,12892.16,247905,2612,3007,1.05,2.7
Snapchat,3306,19704.8,276565,47102,1213,17.03,5.96
Snapchat,3787,11716.85,282778,10347,828,3.66,3.09
LinkedIn,3662,10588.07,462926,18385,3219,3.97,2.89
LinkedIn,2276,11684.24,472823,27101,393,5.73,5.13
Email,2786,5843.0,48008,34351,2441,71.55,2.1
Email,890,3721.13,456464,35713,50,7.82,4.18
Email,3782,13770.93,163733,31352,680,19.15,3.64
Twitter,1817,6240.64,311286,49692,1515,15.96,3.43
Instagram,1806,3758.2,32213,15276,4303,47.42,2.08
Instagram,1164,5626.1,389063,5811,1603,1.49,4.83
Pinterest,3331,9049.4,269089,29981,2720,11.14,2.72
TikTok,1210,2682.28,481143,40761,3017,8.47,2.22
Email,2058,12222.85,207480,41724,3005,20.11,5.94
Instagram,742,3795.81,128685,24096,2644,18.72,5.12
Pinterest,2413,8635.74,203307,38137,707,18.76,3.58
Google,1321,6397.97,185590,48382,2558,26.07,4.84
YouTube,2193,12547.12,354381,15219,78,4.29,5.72
TikTok,4836,23680.44,50104,24010,1363,47.92,4.9
Instagram,2261,8542.37,213255,15264,3911,7.16,3.78
Meta,2212,5908.69,122844,29961,3100,24.39,2.67
Google,4188,9304.72,199622,11314,3730,5.67,2.22
LinkedIn,2297,13322.69,424824,23745,423,5.59,5.8
LinkedIn,632,1668.46,451158,41466,4502,9.19,2.64
Snapchat,736,2237.63,460725,37781,732,8.2,3.04
Twitter,3758,11821.18,19130,42504,732,222.19,3.15
Snapchat,3612,13028.69,379628,22415,343,5.9,3.61
Pinterest,4017,14683.28,57311,4323,261,7.54,3.66
LinkedIn,3810,18737.4,131872,44033,2422,33.39,4.92
Google,4315,24296.47,36861,41924,4169,113.74,5.63
Twitter,892,3621.33,163365,31312,4339,19.17,4.06
Pinterest,1922,8484.42,109159,13919,4043,12.75,4.41
Instagram,1749,6759.94,480740,6798,2018,1.41,3.87
Email,3499,10104.93,250478,29312,2014,11.7,2.89
TikTok,2419,5856.37,12589,15747,4055,125.09,2.42
Snapchat,764,4488.91,132343,30269,4016,22.87,5.88
Twitter,3765,8185.17,141151,44427,4971,31.47,2.17
Snapchat,2201,12605.93,349325,14451,1085,4.14,5.73
TikTok,1070,5897.78,265230,15947,3602,6.01,5.51
Twitter,4092,8282.99,162770,41860,916,25.72,2.02
Pinterest,4681,26065.78,36015,22836,4166,63.41,5.57
Pinterest,3354,15167.34,409275,46833,2881,11.44,4.52
TikTok,4119,19217.49,63762,3563,4603,5.59,4.67
LinkedIn,1056,6222.53,299678,31368,195,10.47,5.89
Instagram,1450,6386.5,83491,3393,4840,4.06,4.4
YouTube,2138,11489.4,310936,35623,2626,11.46,5.37
LinkedIn,4329,9757.27,60427,34445,3445,57.0,2.25
TikTok,3990,21858.72,180208,25603,4938,14.21,5.48
Pinterest,2171,9638.49,384724,16135,2359,4.19,4.44
Meta,4365,11049.22,161216,6553,2862,4.06,2.53
Email,1265,4820.11,326612,13578,4054,4.16,3.81
Pinterest,524,1515.42,124308,1029,4471,0.83,2.89
Google,1945,8485.73,469440,48704,186,10.37,4.36
Twitter,4230,18915.38,383733,18737,3836,4.88,4.47
TikTok,4523,16607.97,258984,11831,3425,4.57,3.67
Pinterest,1165,6089.93,376722,9819,2219,2.61,5.23
Twitter,1611,5312.35,326784,20849,168,6.38,3.3
Email,1521,5805.38,119521,40627,1781,33.99,3.82
Email,904,2593.1,264425,47302,973,17.89,2.87
Instagram,881,3335.84,262506,12613,3912,4.8,3.79
Snapchat,3211,14495.0,423138,46341,1307,10.95,4.51
Meta,2022,11091.61,99623,16156,3426,16.22,5.49
TikTok,1536,6381.29,267617,20191,217,7.54,4.15
LinkedIn,3911,20164.03,436149,48235,3385,11.06,5.16
Snapchat,4766,21018.12,13953,5162,4962,37.0,4.41
LinkedIn,1178,3916.22,174294,46207,3276,26.51,3.32
Meta,3042,16276.57,396722,35836,1469,9.03,5.35
Google,3747,15846.15,138253,28296,2173,20.47,4.23
Pinterest,2810,12098.76,145444,42272,2722,29.06,4.31
Twitter,3361,14136.35,208704,3556,3631,1.7,4.21
YouTube,3948,14286.05,367223,42883,3272,11.68,3.62
Instagram,3310,16349.31,23083,6590,4454,28.55,4.94
Snapchat,3947,18110.54,23218,45909,3528,197.73,4.59
Email,576,1631.37,22303,39743,1389,178.2,2.83
Pinterest,4890,16500.08,289041,2487,372,0.86,3.37
Email,3127,12178.92,375347,31597,3745,8.42,3.89
Email,2598,12194.47,268147,23854,4758,8.9,4.69
Email,1321,7336.87,150306,3030,1808,2.02,5.55
Meta,4021,16979.43,350726,31324,3362,8.93,4.22
Google,3110,15819.23,361053,18739,1224,5.19,5.09
Email,3016,9976.34,491084,18380,4342,3.74,3.31
Pinterest,1005,2730.79,125612,6277,909,5.0,2.72
LinkedIn,2465,7709.07,199643,25948,1921,13.0,3.13
TikTok,1497,8640.94,130551,23242,2194,17.8,5.77
Google,631,1406.9,377543,8222,2472,2.18,2.23
TikTok,2471,12117.01,19040,33050,2099,173.58,4.9
Meta,1367,6386.01,394750,17790,3530,4.51,4.67
YouTube,1626,6698.8,87128,21596,1293,24.79,4.12
Google,2336,11677.31,318259,30153,1431,9.47,5.0
Meta,1850,9665.41,413968,9725,4966,2.35,5.22
LinkedIn,671,1417.84,210788,36723,2389,17.42,2.11
Instagram,3182,17255.83,464256,6446,1283,1.39,5.42
TikTok,1758,9629.42,46550,25847,1840,55.53,5.48
Email,1016,5361.67,104048,20932,1892,20.12,5.28
Pinterest,3240,8823.54,466589,45482,3550,9.75,2.72
Email,1524,7473.3,46276,42600,4882,92.06,4.9
TikTok,3665,8522.38,335805,49733,3555,14.81,2.33
LinkedIn,711,3666.85,397630,41817,2944,10.52,5.16
Snapchat,1804,6558.92,196783,33382,1311,16.96,3.64
Pinterest,3848,8044.03,29309,38972,3394,132.97,2.09
YouTube,3890,20410.78,40804,17763,2993,43.53,5.25
Snapchat,1668,7914.67,439419,32386,957,7.37,4.75
Snapchat,1554,5648.8,50600,9301,995,18.38,3.64
Email,4971,28388.66,444347,16255,1280,3.66,5.71
Pinterest,2658,11620.06,48436,43665,1001,90.15,4.37
LinkedIn,876,4024.51,236914,48866,2469,20.63,4.59
YouTube,3324,19742.72,97262,13836,3452,14.23,5.94
Meta,4369,25874.39,235239,30889,4439,13.13,5.92
Instagram,1464,4956.15,99917,25266,475,25.29,3.39
Instagram,1970,7022.82,350131,46646,3415,13.32,3.56
Email,1266,2568.3,313597,25453,2180,8.12,2.03
Email,4646,23539.54,268543,1324,245,0.49,5.07
TikTok,1912,8970.87,227160,14108,3373,6.21,4.69
Google,1324,6501.39,406636,16313,4923,4.01,4.91
Email,2116,4333.49,66297,7664,4730,11.56,2.05
Twitter,2127,12583.88,151826,38824,2804,25.57,5.92
LinkedIn,4928,9990.99,377840,44735,4507,11.84,2.03
Instagram,2701,7629.39,482123,17269,810,3.58,2.82
Instagram,1145,4595.82,54867,34679,3481,63.21,4.01
Twitter,4085,19165.29,120642,32812,2130,27.2,4.69
Instagram,2888,6473.25,394258,17616,869,4.47,2.24
Snapchat,4805,25586.38,475752,12108,544,2.55,5.32
YouTube,1937,10845.51,135028,36980,982,27.39,5.6
Snapchat,764,3399.67,225670,36107,2659,16.0,4.45
YouTube,3261,14612.91,498500,40550,1495,8.13,4.48
YouTube,3699,10763.57,264434,3646,4908,1.38,2.91
Email,887,4253.72,413945,12185,4430,2.94,4.8
Snapchat,4850,19266.35,457608,23908,2602,5.22,3.97
LinkedIn,1219,4595.18,471047,19902,4440,4.23,3.77
Instagram,4171,8771.64,53775,47206,475,87.78,2.1
TikTok,2292,13024.46,171262,4694,4178,2.74,5.68
YouTube,1749,4930.04,278239,22251,3047,8.0,2.82
Pinterest,2725,7670.41,430577,41785,4661,9.7,2.81
Twitter,3962,9549.28,266761,15504,2970,5.81,2.41
Google,1649,6896.24,268904,47573,4761,17.69,4.18
TikTok,3405,10018.01,353023,33180,3693,9.4,2.94
Google,3228,13980.93,122581,21764,1225,17.75,4.33
Snapchat,1671,7440.93,475969,6677,4818,1.4,4.45
Instagram,993,3344.96,151125,30476,2906,20.17,3.37
TikTok,572,1292.87,443595,9236,94,2.08,2.26
Google,3668,11679.07,301845,36387,3143,12.05,3.18
TikTok,3122,13344.26,359186,44284,2104,12.33,4.27
Email,4669,10789.79,47066,15976,3454,33.94,2.31
Pinterest,4451,17651.59,312922,32261,2047,10.31,3.97
Meta,2656,9922.48,108773,31435,3401,28.9,3.74
Email,4750,21029.82,57972,4071,66,7.02,4.43
Google,4106,15356.29,84007,39581,4282,47.12,3.74
Snapchat,2388,5373.22,323342,38701,979,11.97,2.25
Instagram,4833,16318.87,298983,20855,3677,6.98,3.38
Pinterest,1874,11182.07,315515,27634,1678,8.76,5.97
Email,2549,6245.15,71562,18363,2616,25.66,2.45
Meta,4791,10333.73,381834,44052,2972,11.54,2.16
Instagram,4248,18748.43,112349,43989,2561,39.15,4.41
Pinterest,2858,15751.33,167200,20846,298,12.47,5.51
Meta,4946,24335.89,328452,5156,2126,1.57,4.92
YouTube,1258,6750.27,286197,2342,3444,0.82,5.37
Snapchat,1967,10396.76,354092,30121,1591,8.51,5.29
Google,3313,10052.95,120448,27827,671,23.1,3.03
Instagram,2719,13510.78,376418,18500,3874,4.91,4.97
Google,1850,4603.19,172790,31397,4003,18.17,2.49
Google,2811,16494.05,281971,30570,3569,10.84,5.87
LinkedIn,3133,8046.94,401360,19365,1337,4.82,2.57
Snapchat,1337,6570.88,437505,43411,462,9.92,4.91
YouTube,2627,9643.11,295086,41391,4897,14.03,3.67
Snapchat,965,5345.31,418774,11609,199,2.77,5.54
Instagram,4584,24300.67,156857,23725,1323,15.13,5.3
Google,1708,4971.14,436541,31491,3754,7.21,2.91
Twitter,521,1071.4,475218,10725,1724,2.26,2.06
Google,4827,20633.88,115076,2418,2861,2.1,4.27
Twitter,3559,19961.19,20556,37317,1013,181.54,5.61
Email,2062,5851.18,435799,30547,1245,7.01,2.84
Meta,1235,6677.77,479924,23817,2492,4.96,5.41
Pinterest,4747,14338.26,392732,11497,2839,2.93,3.02
Pinterest,4509,19579.26,176573,7001,2721,3.96,4.34
YouTube,2166,6447.09,374665,45794,605,12.22,2.98
Twitter,3322,19196.93,280492,44800,324,15.97,5.78
Google,3057,9449.49,259453,14497,3528,5.59,3.09
LinkedIn,2301,9321.55,231121,36882,3089,15.96,4.05
Instagram,2901,8935.9,366150,18586,463,5.08,3.08
TikTok,664,3619.66,494501,45755,2138,9.25,5.45
Email,2389,5275.51,391765,23739,3125,6.06,2.21
Pinterest,1526,5259.7,239621,41162,2307,17.18,3.45
LinkedIn,1068,3991.75,119000,45123,1926,37.92,3.74
TikTok,3719,15259.16,459518,24053,1944,5.23,4.1
Snapchat,1646,8190.94,119130,6573,408,5.52,4.98
TikTok,1554,3801.32,354059,30142,1699,8.51,2.45
LinkedIn,4531,16663.38,99740,2107,4457,2.11,3.68
Meta,1255,4995.33,12520,29652,673,236.84,3.98
Email,3895,15456.09,389567,6361,4645,1.63,3.97
TikTok,1829,4661.3,469591,2198,4496,0.47,2.55
Snapchat,2271,13510.51,203956,33353,2386,16.35,5.95
YouTube,2852,8645.48,69927,39192,4063,56.05,3.03
Snapchat,2010,10962.42,447126,13044,266,2.92,5.45
YouTube,1609,6447.86,103578,28065,2800,27.1,4.01
Google,3453,20682.57,14679,48126,3691,327.86,5.99
Twitter,1993,10170.78,191161,25436,3807,13.31,5.1
YouTube,558,1958.04,216002,45391,2357,21.01,3.51
LinkedIn,3427,14376.15,225916,39020,595,17.27,4.19
Pinterest,4418,10566.92,474669,27090,3883,5.71,2.39
Email,3048,7807.0,284406,18805,933,6.61,2.56
LinkedIn,2981,13460.54,247696,24173,640,9.76,4.52
Pinterest,1438,7455.01,497580,23405,3724,4.7,5.18
LinkedIn,958,4874.75,429977,47827,2034,11.12,5.09
TikTok,2995,7022.47,177647,10693,3318,6.02,2.34
Email,4476,26370.35,374155,29028,2646,7.76,5.89
LinkedIn,3999,10025.07,125698,35767,958,28.45,2.51
Snapchat,3923,23034.09,491092,47719,280,9.72,5.87
LinkedIn,1916,7932.97,485224,20315,2538,4.19,4.14
Snapchat,3901,12777.72,289055,19525,1452,6.75,3.28
Snapchat,2430,6818.45,291493,9055,1222,3.11,2.81
Google,2784,14547.68,472137,22047,2394,4.67,5.23
Email,3521,7268.55,143371,23299,1169,16.25,2.06
Meta,2106,7163.33,418482,6324,3327,1.51,3.4
Google,4437,9731.68,320022,15444,99,4.83,2.19
Instagram,3054,7176.05,453880,6133,863,1.35,2.35
Instagram,3905,22890.45,329925,27365,297,8.29,5.86
YouTube,4130,18252.25,232430,29508,247,12.7,4.42
Pinterest,3330,9586.67,441856,35085,3580,7.94,2.88
Twitter,1421,4892.96,128811,42279,1529,32.82,3.44
Meta,4393,13100.3,104276,41584,1652,39.88,2.98
Google,814,2169.8,274247,7942,4437,2.9,2.67
LinkedIn,4556,25729.91,368934,2325,2174,0.63,5.65
LinkedIn,3448,15156.56,213083,20912,4274,9.81,4.4
TikTok,1788,6049.68,75896,31827,2322,41.94,3.38
TikTok,3804,15539.0,346928,6047,1014,1.74,4.08
YouTube,1691,8077.14,302719,49104,4475,16.22,4.78
Google,1360,6673.64,449077,14977,1098,3.34,4.91
Instagram,880,2516.06,402261,43508,3798,10.82,2.86
Email,2317,13363.84,126473,12841,4570,10.15,5.77
Email,1989,10871.54,460338,39430,3360,8.57,5.47
TikTok,1364,5796.21,163283,24316,4704,14.89,4.25
Google,3158,17604.61,363434,38664,3178,10.64,5.57
Google,4400,18887.24,24109,10794,946,44.77,4.29
LinkedIn,2312,10210.15,446728,5356,2530,1.2,4.42
Twitter,2222,7181.53,420601,12356,3686,2.94,3.23
Email,3394,19819.88,442025,38179,701,8.64,5.84
Meta,4164,23987.95,59898,16948,127,28.29,5.76
YouTube,1894,8635.99,102469,35162,4595,34.31,4.56
LinkedIn,1948,8691.47,221653,8979,4276,4.05,4.46
YouTube,4419,11755.72,375988,36008,3689,9.58,2.66
Snapchat,2229,10454.53,90961,24954,4212,27.43,4.69
Meta,1533,6983.29,124383,4571,3244,3.67,4.56
Snapchat,3361,18169.74,345979,44767,525,12.94,5.41
Meta,2623,9778.05,147714,14245,4441,9.64,3.73
Twitter,722,2109.13,227148,4286,4620,1.89,2.92
Twitter,1114,6071.29,260863,49876,4959,19.12,5.45
TikTok,3675,15556.98,366118,17399,3338,4.75,4.23
TikTok,2932,9041.14,179893,8299,3120,4.61,3.08
Email,4624,9289.04,181754,21526,4099,11.84,2.01
Twitter,2630,14945.79,23697,15445,3399,65.18,5.68
Pinterest,4358,16936.08,420007,7781,3251,1.85,3.89
Instagram,881,2029.56,345415,27891,461,8.07,2.3
Google,3425,7606.56,263698,26018,4725,9.87,2.22
LinkedIn,2833,13693.16,464800,19341,4997,4.16,4.83
Instagram,723,1748.26,385393,46639,1401,12.1,2.42
TikTok,3775,11513.51,46617,25765,1055,55.27,3.05
Twitter,2188,6356.12,417157,13878,2165,3.33,2.9
Twitter,1606,6194.33,17006,31390,1175,184.58,3.86
Email,1104,3490.5,114130,6175,4460,5.41,3.16
Instagram,4719,22854.72,10673,33614,4527,314.94,4.84
Pinterest,2007,5118.4,308992,31607,2809,10.23,2.55
Pinterest,2998,9517.63,83293,14269,1527,17.13,3.17
Instagram,2056,7858.51,333713,12342,3092,3.7,3.82
LinkedIn,4896,18554.42,192014,12657,3903,6.59,3.79
Email,564,1963.98,428340,43943,4179,10.26,3.48
YouTube,1385,8258.41,403113,19243,4649,4.77,5.96
Instagram,1292,3066.22,120144,20889,1662,17.39,2.37
Meta,1017,5501.54,76639,5869,967,7.66,5.41
Snapchat,3669,20027.78,408609,5937,2497,1.45,5.46
YouTube,4796,14265.36,104230,13808,4025,13.25,2.97
Google,1408,7875.28,451459,8079,1052,1.79,5.59
Twitter,995,5124.17,423710,39584,2933,9.34,5.15
TikTok,708,4086.5,218201,48753,3902,22.34,5.77
Email,1810,7316.12,175517,45108,1273,25.7,4.04
Google,1058,2892.98,58049,21467,3294,36.98,2.73
Pinterest,2723,13189.33,241357,16271,617,6.74,4.84
Meta,4874,15674.09,337390,47050,4392,13.95,3.22
Email,4118,17403.05,174444,6227,4342,3.57,4.23
Email,3256,15470.95,278310,41617,4826,14.95,4.75
Pinterest,505,1777.33,434845,24325,2211,5.59,3.52
Google,2093,5821.0,284140,7678,4686,2.7,2.78
Google,3359,14410.9,424743,31363,352,7.38,4.29
Meta,2196,4460.65,486044,12373,4473,2.55,2.03
Email,2161,4420.62,330418,29689,230,8.99,2.05
Snapchat,2830,10279.77,428755,46595,2794,10.87,3.63
YouTube,3969,12058.63,56082,25180,1372,44.9,3.04
Twitter,4468,13901.9,31874,2035,4426,6.38,3.11
Snapchat,1607,6573.95,92450,49288,2204,53.31,4.09
Snapchat,4122,15791.31,495541,42047,711,8.49,3.83
LinkedIn,1062,2949.15,433007,8686,2351,2.01,2.78
YouTube,581,2462.09,143589,7087,1916,4.94,4.24
YouTube,1593,9032.47,261859,37764,192,14.42,5.67
Snapchat,2062,9815.22,357382,3522,4195,0.99,4.76
Meta,1935,8011.01,473415,23801,291,5.03,4.14
LinkedIn,3019,7742.13,47093,35153,4419,74.65,2.56
Pinterest,4690,12466.65,367242,39669,4937,10.8,2.66
Meta,3651,13197.09,209560,26528,4128,12.66,3.61
Pinterest,1943,7649.13,336915,12968,3651,3.85,3.94
Google,520,1795.12,303792,32133,4284,10.58,3.45
Snapchat,2665,7175.15,401939,23480,94,5.84,2.69
Snapchat,3747,16246.03,478202,40803,3004,8.53,4.34
Instagram,1136,3866.31,444465,1973,437,0.44,3.4
Email,845,4549.13,49636,26308,946,53.0,5.38
Instagram,2783,9217.11,72019,3797,3905,5.27,3.31
Twitter,932,3542.3,258846,47062,329,18.18,3.8
Google,2374,9382.15,477582,21433,4745,4.49,3.95
YouTube,2969,6858.31,490199,36902,4579,7.53,2.31
Meta,1963,9883.2,137755,32864,4554,23.86,5.03
YouTube,2878,17186.23,425449,45822,519,10.77,5.97
YouTube,3817,17402.67,61327,24049,3641,39.21,4.56
LinkedIn,4770,13642.14,396804,41093,3467,10.36,2.86
Email,2763,7616.0,44256,41333,4711,93.4,2.76
Instagram,3736,13731.99,184322,2265,4237,1.23,3.68
Instagram,1334,7382.97,342792,20228,801,5.9,5.53
Meta,3843,18394.98,69372,35735,531,51.51,4.79
YouTube,3564,16753.25,497143,9239,3502,1.86,4.7
Twitter,1221,2592.07,461311,33147,2904,7.19,2.12
Meta,2596,9637.35,128974,17604,2795,13.65,3.71
Instagram,3713,13339.35,94634,43239,1818,45.69,3.59
LinkedIn,1892,4589.68,266673,21765,2028,8.16,2.43
YouTube,1409,4767.61,54573,26051,4890,47.74,3.38
TikTok,3768,12426.54,132117,13279,3832,10.05,3.3
Google,4430,21080.31,472140,19841,447,4.2,4.76
YouTube,4494,12915.46,394510,16263,4412,4.12,2.87
LinkedIn,721,3241.43,313823,28385,3365,9.04,4.5
Google,734,2818.83,365378,26483,2777,7.25,3.84
YouTube,1773,4714.83,94707,44610,1210,47.1,2.66
LinkedIn,2073,4163.07,443031,35041,4761,7.91,2.01
Instagram,1038,6033.15,137890,22143,2206,16.06,5.81
